timestamp_utc,dut_id,lot_id,risk_band,risk_score,risk_confidence_pct,explanation,model_version
2026-09-10T08:59:20.003193+00:00,IC0033,LOT2026A,HIGH,67.3,34.4,high physics-normalised drift rate (contribution 1.00); significant deviation from lot population (contribution 0.89); abnormal multi-parameter pattern (ensemble anomaly score) (contribution 0.53).,BurnInGuard-2.0-PoC
2026-09-10T08:59:20.003193+00:00,IC0042,LOT2026A,HIGH,69.7,46.4,high physics-normalised drift rate (contribution 0.99); significant deviation from lot population (contribution 0.97); predicted value approaching the safety limit (contribution 0.52).,BurnInGuard-2.0-PoC
2026-09-10T08:59:20.003193+00:00,IC0049,LOT2026B,HIGH,65.0,22.8,predicted value approaching the safety limit (contribution 0.76); high physics-normalised drift rate (contribution 0.69); abnormal multi-parameter pattern (ensemble anomaly score) (contribution 0.62).,BurnInGuard-2.0-PoC
2026-09-10T08:59:20.003193+00:00,IC0060,LOT2026B,CRITICAL,98.6,52.6,predicted value approaching the safety limit (contribution 1.00); significant deviation from lot population (contribution 0.99); abnormal multi-parameter pattern (ensemble anomaly score) (contribution 0.98).,BurnInGuard-2.0-PoC
2026-09-10T08:59:20.003193+00:00,IC0075,LOT2026B,CRITICAL,98.2,44.8,predicted value approaching the safety limit (contribution 1.00); significant deviation from lot population (contribution 1.00); abnormal multi-parameter pattern (ensemble anomaly score) (contribution 0.98).,BurnInGuard-2.0-PoC
2026-09-10T08:59:20.003193+00:00,IC0102,LOT2026C,HIGH,66.9,47.1,significant deviation from lot population (contribution 0.90); high physics-normalised drift rate (contribution 0.81); abnormal multi-parameter pattern (ensemble anomaly score) (contribution 0.67).,BurnInGuard-2.0-PoC
2026-09-10T08:59:20.003193+00:00,IC0124,LOT2026C,HIGH,69.1,55.5,significant deviation from lot population (contribution 0.97); high physics-normalised drift rate (contribution 0.91); abnormal multi-parameter pattern (ensemble anomaly score) (contribution 0.61).,BurnInGuard-2.0-PoC
2026-09-10T08:59:20.003193+00:00,IC0146,LOT2026D,HIGH,72.0,75.8,high physics-normalised drift rate (contribution 1.00); significant deviation from lot population (contribution 0.95); abnormal multi-parameter pattern (ensemble anomaly score) (contribution 0.65).,BurnInGuard-2.0-PoC
2026-09-10T08:59:20.003193+00:00,IC0177,LOT2026D,HIGH,61.7,35.0,significant deviation from lot population (contribution 1.00); high physics-normalised drift rate (contribution 0.95); predicted value approaching the safety limit (contribution 0.38).,BurnInGuard-2.0-PoC
2026-09-10T08:59:20.003193+00:00,IC0190,LOT2026E,CRITICAL,80.4,70.7,abnormal multi-parameter pattern (ensemble anomaly score) (contribution 0.99); predicted value approaching the safety limit (contribution 0.95); significant deviation from lot population (contribution 0.60).,BurnInGuard-2.0-PoC
2026-09-10T08:59:20.003193+00:00,IC0201,LOT2026E,CRITICAL,94.1,60.0,abnormal multi-parameter pattern (ensemble anomaly score) (contribution 1.00); significant deviation from lot population (contribution 1.00); predicted value approaching the safety limit (contribution 1.00).,BurnInGuard-2.0-PoC
2026-09-10T08:59:20.003193+00:00,IC0211,LOT2026E,CRITICAL,92.8,60.0,abnormal multi-parameter pattern (ensemble anomaly score) (contribution 1.00); predicted value approaching the safety limit (contribution 0.96); significant deviation from lot population (contribution 0.90).,BurnInGuard-2.0-PoC
2026-09-10T08:59:20.003193+00:00,IC0222,LOT2026E,CRITICAL,85.6,53.2,predicted value approaching the safety limit (contribution 1.00); abnormal multi-parameter pattern (ensemble anomaly score) (contribution 0.97); significant deviation from lot population (contribution 0.78).,BurnInGuard-2.0-PoC
2026-09-10T08:59:20.003193+00:00,IC0256,LOT2026F,HIGH,61.1,46.5,high physics-normalised drift rate (contribution 1.00); significant deviation from lot population (contribution 0.86); abnormal multi-parameter pattern (ensemble anomaly score) (contribution 0.43).,BurnInGuard-2.0-PoC
2026-09-10T08:59:20.003193+00:00,IC0259,LOT2026F,HIGH,60.4,48.5,high physics-normalised drift rate (contribution 1.00); significant deviation from lot population (contribution 0.88); abnormal multi-parameter pattern (ensemble anomaly score) (contribution 0.41).,BurnInGuard-2.0-PoC
2026-09-10T08:59:20.003193+00:00,IC0288,LOT2026G,HIGH,74.5,53.9,significant deviation from lot population (contribution 1.00); high physics-normalised drift rate (contribution 0.88); abnormal multi-parameter pattern (ensemble anomaly score) (contribution 0.69).,BurnInGuard-2.0-PoC
2026-09-10T08:59:20.003193+00:00,IC0347,LOT2026H,HIGH,72.5,54.8,significant deviation from lot population (contribution 1.00); high physics-normalised drift rate (contribution 0.86); abnormal multi-parameter pattern (ensemble anomaly score) (contribution 0.70).,BurnInGuard-2.0-PoC
