dut_id,lot_id,checkpoint_h,temperature_c,vcc_v,iddq_uA,leakage_uA,delay_ns
IC00001,LOT202601,0,125,5.028216941,9.99,1.963,5.062
IC00001,LOT202601,24,125,5.028216941,10.232,2.056,5.064
IC00001,LOT202601,96,125,5.028216941,10.735,2.255,5.138
IC00002,LOT202601,0,125,5.011062524,10.337,2.169,4.93
IC00002,LOT202601,24,125,5.011062524,10.527,2.19,4.972
IC00002,LOT202601,96,125,5.011062524,10.961,2.376,5.002
IC00003,LOT202601,0,125,5.01292463,10.315,2.126,5.024
IC00003,LOT202601,24,125,5.01292463,10.281,2.212,5.073
IC00003,LOT202601,96,125,5.01292463,10.755,2.356,5.095
IC00004,LOT202601,0,125,4.980034709,10.242,2.177,5.047
IC00004,LOT202601,24,125,4.980034709,10.424,2.24,5.075
IC00004,LOT202601,96,125,4.980034709,10.808,2.422,5.132
IC00005,LOT202601,0,125,4.980833665,9.473,2.105,4.947
IC00005,LOT202601,24,125,4.980833665,9.692,2.086,4.976
IC00005,LOT202601,96,125,4.980833665,10.076,2.323,5.052
IC00006,LOT202601,0,125,5.025739276,10.266,2.033,4.943
IC00006,LOT202601,24,125,5.025739276,10.367,2.138,4.985
IC00006,LOT202601,96,125,5.025739276,10.895,2.294,5.043
IC00007,LOT202601,0,125,4.980142222,10.19,2.056,5.007
IC00007,LOT202601,24,125,4.980142222,10.69,2.293,5.145
IC00007,LOT202601,96,125,4.980142222,11.985,3.045,5.485
IC00008,LOT202601,0,125,4.949379967,9.879,2.025,4.976
IC00008,LOT202601,24,125,4.949379967,10.134,2.095,5.006
IC00008,LOT202601,96,125,4.949379967,10.619,2.289,5.084
IC00009,LOT202601,0,125,4.989829008,9.724,2.036,4.932
IC00009,LOT202601,24,125,4.989829008,9.831,2.125,4.917
IC00009,LOT202601,96,125,4.989829008,10.254,2.306,5.005
IC00010,LOT202601,0,125,4.969295075,10.018,2.266,5.005
IC00010,LOT202601,24,125,4.969295075,10.202,2.329,5.026
IC00010,LOT202601,96,125,4.969295075,10.512,2.484,5.041
IC00011,LOT202601,0,125,4.993333319,9.775,1.937,5.056
IC00011,LOT202601,24,125,4.993333319,10.058,2.072,5.122
IC00011,LOT202601,96,125,4.993333319,10.464,2.178,5.089
IC00012,LOT202601,0,125,4.981637096,10.085,2.045,4.97
IC00012,LOT202601,24,125,4.981637096,10.228,2.053,4.956
IC00012,LOT202601,96,125,4.981637096,10.641,2.257,5.075
IC00013,LOT202601,0,125,4.964451687,9.988,2.18,4.998
IC00013,LOT202601,24,125,4.964451687,10.14,2.279,4.963
IC00013,LOT202601,96,125,4.964451687,10.677,2.448,5.034
IC00014,LOT202601,0,125,4.986350496,9.888,1.99,5.04
IC00014,LOT202601,24,125,4.986350496,10.544,2.28,5.141
IC00014,LOT202601,96,125,4.986350496,11.737,3.04,5.473
IC00015,LOT202601,0,125,5.04607268,9.867,2.18,5.01
IC00015,LOT202601,24,125,5.04607268,10.099,2.314,5.05
IC00015,LOT202601,96,125,5.04607268,10.409,2.487,5.091
IC00016,LOT202601,0,125,4.999846344,9.677,2.173,4.994
IC00016,LOT202601,24,125,4.999846344,9.836,2.24,4.951
IC00016,LOT202601,96,125,4.999846344,10.26,2.383,5.023
IC00017,LOT202601,0,125,4.960208218,9.694,2.054,5.067
IC00017,LOT202601,24,125,4.960208218,9.897,2.14,5.117
IC00017,LOT202601,96,125,4.960208218,10.259,2.289,5.146
IC00018,LOT202601,0,125,5.002714693,10.099,2.181,4.947
IC00018,LOT202601,24,125,5.002714693,10.178,2.17,4.906
IC00018,LOT202601,96,125,5.002714693,10.625,2.366,5.012
IC00019,LOT202601,0,125,4.995120022,9.681,2.021,4.812
IC00019,LOT202601,24,125,4.995120022,9.883,2.051,4.821
IC00019,LOT202601,96,125,4.995120022,10.449,2.242,4.885
IC00020,LOT202601,0,125,4.988952531,10.663,2.434,4.889
IC00020,LOT202601,24,125,4.988952531,10.772,2.47,4.933
IC00020,LOT202601,96,125,4.988952531,11.196,2.627,4.958
IC00021,LOT202601,0,125,4.983340183,9.945,2.099,5.021
IC00021,LOT202601,24,125,4.983340183,10.082,2.135,5.038
IC00021,LOT202601,96,125,4.983340183,10.449,2.321,5.094
IC00022,LOT202601,0,125,4.977108284,10.644,2.299,5.037
IC00022,LOT202601,24,125,4.977108284,11.203,2.436,5.162
IC00022,LOT202601,96,125,4.977108284,12.497,3.178,5.451
IC00023,LOT202601,0,125,4.996895352,10.077,2.109,5.003
IC00023,LOT202601,24,125,4.996895352,10.082,2.159,4.999
IC00023,LOT202601,96,125,4.996895352,10.686,2.336,5.022
IC00024,LOT202601,0,125,5.02591484,10.095,2.271,4.858
IC00024,LOT202601,24,125,5.02591484,10.239,2.365,4.907
IC00024,LOT202601,96,125,5.02591484,10.795,2.542,4.962
IC00025,LOT202601,0,125,4.991102871,10.614,2.126,5.084
IC00025,LOT202601,24,125,4.991102871,10.684,2.223,5.082
IC00025,LOT202601,96,125,4.991102871,11.257,2.403,5.176
IC00026,LOT202601,0,125,4.964839784,10.225,1.981,5.006
IC00026,LOT202601,24,125,4.964839784,10.358,1.977,5.014
IC00026,LOT202601,96,125,4.964839784,10.759,2.166,5.077
IC00027,LOT202601,0,125,5.009131002,10.409,2.171,4.846
IC00027,LOT202601,24,125,5.009131002,10.425,2.206,4.847
IC00027,LOT202601,96,125,5.009131002,10.885,2.438,4.9
IC00028,LOT202601,0,125,5.032054147,10.31,2.049,5.07
IC00028,LOT202601,24,125,5.032054147,10.389,2.099,5.082
IC00028,LOT202601,96,125,5.032054147,10.895,2.308,5.123
IC00029,LOT202601,0,125,4.975332499,9.972,2.278,4.941
IC00029,LOT202601,24,125,4.975332499,10.495,2.518,5.07
IC00029,LOT202601,96,125,4.975332499,11.729,3.29,5.367
IC00030,LOT202601,0,125,5.003236413,9.377,2.22,4.941
IC00030,LOT202601,24,125,5.003236413,9.347,2.301,4.99
IC00030,LOT202601,96,125,5.003236413,9.906,2.507,5.015
