dut_id,lot_id,checkpoint_h,temperature_c,vcc_v,iddq_uA,leakage_uA,delay_ns,status,true_latent_defect
IC0001,LOT2026A,0,108.76,5.014,10.731,1.893,5.161,PASS,0
IC0001,LOT2026A,24,108.76,4.994,10.957,1.915,5.146,PASS,0
IC0001,LOT2026A,96,108.76,4.983,11.581,1.992,5.27,PASS,0
IC0001,LOT2026A,168,108.76,5.012,12.315,2.115,5.321,PASS,0
IC0002,LOT2026A,0,111.07,5.003,10.572,1.722,5.082,PASS,0
IC0002,LOT2026A,24,111.07,4.994,10.936,1.792,5.107,PASS,0
IC0002,LOT2026A,96,111.07,4.976,11.494,1.851,5.136,PASS,0
IC0002,LOT2026A,168,111.07,5.009,12.124,1.94,5.204,PASS,0
IC0003,LOT2026A,0,111.0,4.992,10.056,1.754,5.084,PASS,0
IC0003,LOT2026A,24,111.0,4.996,10.478,1.813,5.113,PASS,0
IC0003,LOT2026A,96,111.0,5.009,11.053,1.888,5.148,PASS,0
IC0003,LOT2026A,168,111.0,4.989,11.649,1.907,5.241,PASS,0
IC0004,LOT2026A,0,110.35,5.029,10.528,1.979,5.101,PASS,0
IC0004,LOT2026A,24,110.35,4.972,10.349,1.941,5.096,PASS,0
IC0004,LOT2026A,96,110.35,5.006,10.959,2.009,5.133,PASS,0
IC0004,LOT2026A,168,110.35,4.98,11.792,2.216,5.206,PASS,0
IC0005,LOT2026A,0,106.8,4.967,10.521,1.712,5.062,PASS,0
IC0005,LOT2026A,24,106.8,5.02,10.661,1.789,5.099,PASS,0
IC0005,LOT2026A,96,106.8,5.043,11.037,1.777,5.13,PASS,0
IC0005,LOT2026A,168,106.8,5.008,11.836,1.842,5.206,PASS,0
IC0006,LOT2026A,0,109.77,4.998,10.268,1.766,5.148,PASS,0
IC0006,LOT2026A,24,109.77,5.022,10.635,1.755,5.154,PASS,0
IC0006,LOT2026A,96,109.77,4.973,11.131,1.815,5.179,PASS,0
IC0006,LOT2026A,168,109.77,5.029,11.657,1.872,5.241,PASS,0
IC0007,LOT2026A,0,108.34,4.959,9.989,1.861,5.095,PASS,0
IC0007,LOT2026A,24,108.34,4.993,9.858,1.852,5.084,PASS,0
IC0007,LOT2026A,96,108.34,4.993,10.394,1.982,5.148,PASS,0
IC0007,LOT2026A,168,108.34,4.986,11.226,2.104,5.206,PASS,0
IC0008,LOT2026A,0,109.66,4.971,10.807,1.799,5.028,PASS,1
IC0008,LOT2026A,24,109.66,4.987,10.656,1.866,5.025,PASS,1
IC0008,LOT2026A,96,109.66,4.982,12.314,2.031,5.176,PASS,1
IC0008,LOT2026A,168,109.66,4.974,15.341,2.467,5.511,PASS,1
IC0009,LOT2026A,0,108.35,5.009,11.311,2.086,5.04,PASS,0
IC0009,LOT2026A,24,108.35,4.995,11.646,2.078,5.034,PASS,0
IC0009,LOT2026A,96,108.35,5.003,12.321,2.24,5.118,PASS,0
IC0009,LOT2026A,168,108.35,5.006,13.098,2.325,5.137,PASS,0
IC0010,LOT2026A,0,109.85,5.01,11.402,1.987,5.149,PASS,0
IC0010,LOT2026A,24,109.85,4.991,11.823,1.976,5.13,PASS,0
IC0010,LOT2026A,96,109.85,4.995,12.272,2.034,5.197,PASS,0
IC0010,LOT2026A,168,109.85,5.004,12.998,2.034,5.235,PASS,0
IC0011,LOT2026A,0,110.44,4.993,10.058,1.62,5.12,PASS,0
IC0011,LOT2026A,24,110.44,5.009,10.394,1.7,5.183,PASS,0
IC0011,LOT2026A,96,110.44,5.001,10.936,1.744,5.205,PASS,0
IC0011,LOT2026A,168,110.44,4.996,11.492,1.738,5.269,PASS,0
IC0012,LOT2026A,0,111.76,4.986,10.642,2.012,5.18,PASS,0
IC0012,LOT2026A,24,111.76,5.006,11.105,1.986,5.187,PASS,0
IC0012,LOT2026A,96,111.76,5.001,12.251,2.11,5.298,PASS,0
IC0012,LOT2026A,168,111.76,5.012,13.322,2.248,5.359,PASS,0
IC0013,LOT2026A,0,107.63,4.983,11.257,1.842,5.189,PASS,0
IC0013,LOT2026A,24,107.63,4.979,11.382,1.868,5.218,PASS,0
IC0013,LOT2026A,96,107.63,5.004,12.373,1.93,5.243,PASS,0
IC0013,LOT2026A,168,107.63,5.017,12.971,2.099,5.345,PASS,0
IC0014,LOT2026A,0,110.83,4.968,11.901,1.724,4.928,PASS,0
IC0014,LOT2026A,24,110.83,4.972,11.987,1.811,4.974,PASS,0
IC0014,LOT2026A,96,110.83,5.014,12.717,1.872,5.036,PASS,0
IC0014,LOT2026A,168,110.83,4.986,13.78,2.012,5.111,PASS,0
IC0015,LOT2026A,0,109.73,4.97,10.544,1.814,5.055,PASS,0
IC0015,LOT2026A,24,109.73,5.004,10.543,1.924,5.094,PASS,0
IC0015,LOT2026A,96,109.73,5.002,11.685,2.024,5.201,PASS,0
IC0015,LOT2026A,168,109.73,4.993,12.022,2.067,5.21,PASS,0
IC0016,LOT2026A,0,111.21,4.989,11.059,1.681,5.132,PASS,0
IC0016,LOT2026A,24,111.21,5.007,11.542,1.699,5.164,PASS,0
IC0016,LOT2026A,96,111.21,5.021,12.732,1.782,5.212,PASS,0
IC0016,LOT2026A,168,111.21,5.007,13.468,1.889,5.3,PASS,0
IC0017,LOT2026A,0,112.93,4.968,11.557,1.81,5.11,PASS,1
IC0017,LOT2026A,24,112.93,5.039,11.584,1.805,5.134,PASS,1
IC0017,LOT2026A,96,112.93,4.994,14.383,2.176,5.354,PASS,1
IC0017,LOT2026A,168,112.93,4.977,19.452,2.745,5.765,PASS,1
IC0018,LOT2026A,0,110.01,4.983,11.836,1.791,5.236,PASS,0
IC0018,LOT2026A,24,110.01,5.009,12.296,1.859,5.243,PASS,0
IC0018,LOT2026A,96,110.01,4.96,13.193,1.902,5.314,PASS,0
IC0018,LOT2026A,168,110.01,4.97,14.279,2.103,5.386,PASS,0
IC0019,LOT2026A,0,105.55,5.016,9.887,2.028,5.141,PASS,0
IC0019,LOT2026A,24,105.55,5.033,10.217,2.036,5.178,PASS,0
IC0019,LOT2026A,96,105.55,5.028,10.38,2.159,5.193,PASS,0
IC0019,LOT2026A,168,105.55,5.031,11.211,2.2,5.246,PASS,0
IC0020,LOT2026A,0,109.46,4.966,9.896,1.672,5.131,PASS,0
IC0020,LOT2026A,24,109.46,4.997,9.929,1.762,5.158,PASS,0
IC0020,LOT2026A,96,109.46,5.008,10.276,1.866,5.227,PASS,0
IC0020,LOT2026A,168,109.46,4.994,10.975,1.977,5.26,PASS,0
IC0021,LOT2026A,0,108.87,4.997,9.572,1.695,5.056,PASS,0
IC0021,LOT2026A,24,108.87,4.999,9.89,1.689,5.024,PASS,0
IC0021,LOT2026A,96,108.87,5.027,10.24,1.767,5.076,PASS,0
IC0021,LOT2026A,168,108.87,4.977,10.967,1.859,5.116,PASS,0
IC0022,LOT2026A,0,109.56,5.036,9.91,1.828,5.278,PASS,0
IC0022,LOT2026A,24,109.56,5.016,9.601,1.868,5.275,PASS,0
IC0022,LOT2026A,96,109.56,5.025,10.168,1.996,5.336,PASS,0
IC0022,LOT2026A,168,109.56,5.009,10.915,2.083,5.419,PASS,0
IC0023,LOT2026A,0,107.47,4.988,10.411,1.705,5.134,PASS,0
IC0023,LOT2026A,24,107.47,4.988,10.795,1.722,5.157,PASS,0
IC0023,LOT2026A,96,107.47,4.979,11.426,1.787,5.235,PASS,0
IC0023,LOT2026A,168,107.47,4.961,12.391,1.95,5.253,PASS,0
IC0024,LOT2026A,0,109.53,4.993,10.193,1.826,5.022,PASS,0
IC0024,LOT2026A,24,109.53,4.992,10.38,1.742,5.04,PASS,0
IC0024,LOT2026A,96,109.53,5.012,10.784,1.92,5.062,PASS,0
IC0024,LOT2026A,168,109.53,4.994,11.092,1.929,5.144,PASS,0
IC0025,LOT2026A,0,107.46,5.016,10.318,1.676,5.029,PASS,0
IC0025,LOT2026A,24,107.46,5.007,10.46,1.698,5.126,PASS,0
IC0025,LOT2026A,96,107.46,5.016,11.428,1.857,5.177,PASS,0
IC0025,LOT2026A,168,107.46,4.99,12.209,1.912,5.229,PASS,0
IC0026,LOT2026A,0,111.19,4.954,10.895,1.727,5.066,PASS,0
IC0026,LOT2026A,24,111.19,4.995,11.294,1.766,5.119,PASS,0
IC0026,LOT2026A,96,111.19,4.982,12.201,1.898,5.14,PASS,0
IC0026,LOT2026A,168,111.19,5.014,13.011,1.992,5.228,PASS,0
IC0027,LOT2026A,0,108.45,4.954,10.134,1.766,5.037,PASS,0
IC0027,LOT2026A,24,108.45,5.015,10.293,1.83,5.032,PASS,0
IC0027,LOT2026A,96,108.45,5.011,10.817,1.875,5.076,PASS,0
IC0027,LOT2026A,168,108.45,5.016,11.603,1.946,5.141,PASS,0
IC0028,LOT2026A,0,107.57,4.993,9.099,1.947,5.218,PASS,0
IC0028,LOT2026A,24,107.57,5.041,9.075,1.902,5.2,PASS,0
IC0028,LOT2026A,96,107.57,5.013,9.853,1.987,5.3,PASS,0
IC0028,LOT2026A,168,107.57,5.013,10.411,2.122,5.354,PASS,0
IC0029,LOT2026A,0,110.51,5.0,9.49,1.818,5.1,PASS,0
IC0029,LOT2026A,24,110.51,4.974,9.28,1.845,5.09,PASS,0
IC0029,LOT2026A,96,110.51,5.0,10.125,1.992,5.174,PASS,0
IC0029,LOT2026A,168,110.51,4.997,10.9,2.049,5.209,PASS,0
IC0030,LOT2026A,0,108.88,4.983,9.743,1.88,5.148,PASS,0
IC0030,LOT2026A,24,108.88,5.022,9.86,1.891,5.194,PASS,0
IC0030,LOT2026A,96,108.88,4.996,10.365,1.985,5.244,PASS,0
IC0030,LOT2026A,168,108.88,5.006,11.237,2.076,5.289,PASS,0
IC0031,LOT2026A,0,109.4,5.001,10.099,1.756,5.019,PASS,0
IC0031,LOT2026A,24,109.4,5.031,10.819,1.764,5.045,PASS,0
IC0031,LOT2026A,96,109.4,4.993,11.066,1.886,5.061,PASS,0
IC0031,LOT2026A,168,109.4,5.001,11.97,1.982,5.167,PASS,0
IC0032,LOT2026A,0,112.63,5.018,10.373,1.79,5.13,PASS,0
IC0032,LOT2026A,24,112.63,5.008,10.543,1.84,5.171,PASS,0
IC0032,LOT2026A,96,112.63,4.999,11.36,1.912,5.203,PASS,0
IC0032,LOT2026A,168,112.63,4.992,12.067,2.096,5.287,PASS,0
IC0033,LOT2026A,0,109.12,4.998,9.926,1.808,5.022,PASS,1
IC0033,LOT2026A,24,109.12,4.977,10.511,1.876,5.027,PASS,1
IC0033,LOT2026A,96,109.12,4.95,13.172,2.252,5.272,PASS,1
IC0033,LOT2026A,168,109.12,5.001,18.557,2.969,5.758,PASS,1
IC0034,LOT2026A,0,109.53,4.988,10.961,1.722,5.077,PASS,0
IC0034,LOT2026A,24,109.53,4.978,11.164,1.723,5.068,PASS,0
IC0034,LOT2026A,96,109.53,5.02,11.77,1.835,5.095,PASS,0
IC0034,LOT2026A,168,109.53,4.962,12.576,1.92,5.189,PASS,0
IC0035,LOT2026A,0,109.52,5.0,9.841,1.796,5.068,PASS,0
IC0035,LOT2026A,24,109.52,5.012,10.172,1.885,5.093,PASS,0
IC0035,LOT2026A,96,109.52,5.004,10.559,1.944,5.157,PASS,0
IC0035,LOT2026A,168,109.52,4.993,11.342,2.056,5.21,PASS,0
IC0036,LOT2026A,0,110.5,4.99,8.386,1.812,4.85,PASS,0
IC0036,LOT2026A,24,110.5,5.003,8.823,1.891,4.881,PASS,0
IC0036,LOT2026A,96,110.5,4.995,9.269,1.953,4.868,PASS,0
IC0036,LOT2026A,168,110.5,4.998,9.963,2.046,4.944,PASS,0
IC0037,LOT2026A,0,110.33,5.005,10.699,1.697,4.994,PASS,0
IC0037,LOT2026A,24,110.33,5.007,10.955,1.741,5.02,PASS,0
IC0037,LOT2026A,96,110.33,5.036,11.476,1.826,5.132,PASS,0
IC0037,LOT2026A,168,110.33,5.002,12.299,1.91,5.183,PASS,0
IC0038,LOT2026A,0,110.2,5.015,10.85,1.806,5.047,PASS,0
IC0038,LOT2026A,24,110.2,4.967,10.842,1.86,5.063,PASS,0
IC0038,LOT2026A,96,110.2,4.993,11.495,1.896,5.119,PASS,0
IC0038,LOT2026A,168,110.2,5.012,12.418,2.001,5.194,PASS,0
IC0039,LOT2026A,0,106.84,4.989,10.152,1.566,5.129,PASS,0
IC0039,LOT2026A,24,106.84,5.014,10.44,1.582,5.15,PASS,0
IC0039,LOT2026A,96,106.84,4.985,11.004,1.687,5.187,PASS,0
IC0039,LOT2026A,168,106.84,5.009,11.365,1.755,5.219,PASS,0
IC0040,LOT2026A,0,108.14,4.997,10.248,1.807,5.318,PASS,0
IC0040,LOT2026A,24,108.14,4.999,10.365,1.875,5.319,PASS,0
IC0040,LOT2026A,96,108.14,4.996,11.006,1.949,5.377,PASS,0
IC0040,LOT2026A,168,108.14,5.005,11.462,1.936,5.412,PASS,0
IC0041,LOT2026A,0,111.98,4.972,12.013,1.739,5.221,PASS,0
IC0041,LOT2026A,24,111.98,5.0,12.276,1.742,5.229,PASS,0
IC0041,LOT2026A,96,111.98,5.032,12.895,1.815,5.321,PASS,0
IC0041,LOT2026A,168,111.98,5.012,13.592,1.937,5.364,PASS,0
IC0042,LOT2026A,0,110.9,4.977,10.782,1.735,5.167,PASS,1
IC0042,LOT2026A,24,110.9,4.993,10.789,1.704,5.205,PASS,1
IC0042,LOT2026A,96,110.9,4.985,13.329,2.053,5.418,PASS,1
IC0042,LOT2026A,168,110.9,4.998,19.593,2.795,5.987,PASS,1
IC0043,LOT2026A,0,109.63,4.998,9.235,1.703,5.092,PASS,0
IC0043,LOT2026A,24,109.63,4.989,9.574,1.673,5.079,PASS,0
IC0043,LOT2026A,96,109.63,5.02,10.12,1.86,5.181,PASS,0
IC0043,LOT2026A,168,109.63,4.989,10.73,1.978,5.263,PASS,0
IC0044,LOT2026A,0,111.05,4.98,10.281,1.777,5.197,PASS,0
IC0044,LOT2026A,24,111.05,4.993,11.042,1.886,5.249,PASS,0
IC0044,LOT2026A,96,111.05,4.998,11.27,1.947,5.317,PASS,0
IC0044,LOT2026A,168,111.05,5.008,12.283,2.069,5.42,PASS,0
IC0045,LOT2026A,0,108.02,5.031,10.863,1.728,5.159,PASS,0
IC0045,LOT2026A,24,108.02,5.039,10.962,1.76,5.218,PASS,0
IC0045,LOT2026A,96,108.02,4.974,11.215,1.82,5.187,PASS,0
IC0045,LOT2026A,168,108.02,4.987,11.843,1.828,5.232,PASS,0
IC0046,LOT2026B,0,126.92,5.019,8.403,1.985,5.267,PASS,0
IC0046,LOT2026B,24,126.92,4.987,9.005,2.081,5.332,PASS,0
IC0046,LOT2026B,96,126.92,5.02,10.403,2.355,5.478,PASS,0
IC0046,LOT2026B,168,126.92,4.998,11.881,2.533,5.634,PASS,0
IC0047,LOT2026B,0,123.75,4.988,9.73,1.868,5.389,PASS,0
IC0047,LOT2026B,24,123.75,4.957,10.023,1.928,5.442,PASS,0
IC0047,LOT2026B,96,123.75,4.973,10.877,2.053,5.501,PASS,0
IC0047,LOT2026B,168,123.75,4.991,12.126,2.242,5.606,PASS,0
IC0048,LOT2026B,0,124.41,5.012,7.831,1.845,5.365,PASS,0
IC0048,LOT2026B,24,124.41,5.025,8.386,1.851,5.439,PASS,0
IC0048,LOT2026B,96,124.41,4.986,9.707,2.13,5.639,PASS,0
IC0048,LOT2026B,168,124.41,5.008,11.525,2.528,5.819,PASS,0
IC0049,LOT2026B,0,122.77,4.998,10.154,1.758,5.266,PASS,1
IC0049,LOT2026B,24,122.77,5.005,10.044,1.762,5.346,PASS,1
IC0049,LOT2026B,96,122.77,5.054,14.46,2.337,5.706,PASS,1
IC0049,LOT2026B,168,122.77,4.989,21.907,3.412,6.443,PASS,1
IC0050,LOT2026B,0,123.45,5.038,10.75,1.817,5.29,PASS,0
IC0050,LOT2026B,24,123.45,4.995,10.953,1.888,5.305,PASS,0
IC0050,LOT2026B,96,123.45,4.992,12.33,2.012,5.435,PASS,0
IC0050,LOT2026B,168,123.45,5.019,13.39,2.292,5.564,PASS,0
IC0051,LOT2026B,0,122.73,5.025,9.828,1.877,5.245,PASS,0
IC0051,LOT2026B,24,122.73,5.002,9.91,1.881,5.195,PASS,0
IC0051,LOT2026B,96,122.73,4.987,10.847,2.06,5.312,PASS,0
IC0051,LOT2026B,168,122.73,5.037,11.945,2.216,5.39,PASS,0
IC0052,LOT2026B,0,125.9,5.005,9.098,1.863,5.243,PASS,0
IC0052,LOT2026B,24,125.9,5.045,9.647,1.974,5.269,PASS,0
IC0052,LOT2026B,96,125.9,5.045,10.918,2.171,5.37,PASS,0
IC0052,LOT2026B,168,125.9,4.996,12.016,2.317,5.499,PASS,0
IC0053,LOT2026B,0,125.59,4.983,10.26,1.838,5.253,PASS,0
IC0053,LOT2026B,24,125.59,4.941,10.636,1.904,5.304,PASS,0
IC0053,LOT2026B,96,125.59,4.972,12.222,2.095,5.455,PASS,0
IC0053,LOT2026B,168,125.59,5.03,13.504,2.339,5.632,PASS,0
IC0054,LOT2026B,0,124.54,5.036,8.959,1.869,5.389,PASS,0
IC0054,LOT2026B,24,124.54,5.009,9.469,1.832,5.408,PASS,0
IC0054,LOT2026B,96,124.54,4.971,10.712,2.034,5.547,PASS,0
IC0054,LOT2026B,168,124.54,4.955,12.116,2.322,5.724,PASS,0
IC0055,LOT2026B,0,124.71,5.016,9.288,2.04,5.234,PASS,0
IC0055,LOT2026B,24,124.71,5.004,9.667,2.052,5.267,PASS,0
IC0055,LOT2026B,96,124.71,4.993,10.545,2.251,5.342,PASS,0
IC0055,LOT2026B,168,124.71,4.976,11.547,2.4,5.474,PASS,0
IC0056,LOT2026B,0,124.15,5.001,8.843,2.004,5.365,PASS,0
IC0056,LOT2026B,24,124.15,5.004,9.466,1.969,5.38,PASS,0
IC0056,LOT2026B,96,124.15,4.975,10.693,2.22,5.5,PASS,0
IC0056,LOT2026B,168,124.15,5.022,11.6,2.418,5.654,PASS,0
IC0057,LOT2026B,0,126.8,5.015,9.04,1.677,5.375,PASS,0
IC0057,LOT2026B,24,126.8,5.017,9.413,1.704,5.425,PASS,0
IC0057,LOT2026B,96,126.8,4.964,10.948,1.897,5.573,PASS,0
IC0057,LOT2026B,168,126.8,4.986,12.418,2.055,5.691,PASS,0
IC0058,LOT2026B,0,124.13,4.984,9.071,1.68,5.297,PASS,0
IC0058,LOT2026B,24,124.13,5.003,9.262,1.714,5.304,PASS,0
IC0058,LOT2026B,96,124.13,5.007,10.217,1.891,5.432,PASS,0
IC0058,LOT2026B,168,124.13,5.021,11.165,1.987,5.534,PASS,0
IC0059,LOT2026B,0,121.68,4.98,9.248,1.872,5.349,PASS,0
IC0059,LOT2026B,24,121.68,4.985,9.812,1.985,5.379,PASS,0
IC0059,LOT2026B,96,121.68,5.032,11.51,2.266,5.53,PASS,0
IC0059,LOT2026B,168,121.68,4.972,12.697,2.492,5.677,PASS,0
IC0060,LOT2026B,0,124.53,4.986,10.073,1.875,5.36,PASS,1
IC0060,LOT2026B,24,124.53,4.985,10.902,1.875,5.399,PASS,1
IC0060,LOT2026B,96,124.53,5.004,16.007,2.759,5.94,PASS,1
IC0060,LOT2026B,168,124.53,5.022,28.222,4.618,7.115,PASS,1
IC0061,LOT2026B,0,123.17,4.971,8.882,1.828,5.332,PASS,0
IC0061,LOT2026B,24,123.17,5.001,8.793,1.919,5.351,PASS,0
IC0061,LOT2026B,96,123.17,4.99,10.652,2.111,5.51,PASS,0
IC0061,LOT2026B,168,123.17,4.969,12.099,2.359,5.686,PASS,0
IC0062,LOT2026B,0,125.58,5.004,8.498,1.934,5.338,PASS,0
IC0062,LOT2026B,24,125.58,4.968,8.825,1.978,5.415,PASS,0
IC0062,LOT2026B,96,125.58,5.02,10.472,2.286,5.572,PASS,0
IC0062,LOT2026B,168,125.58,4.979,11.903,2.576,5.761,PASS,0
IC0063,LOT2026B,0,124.19,4.972,10.151,1.743,5.362,PASS,0
IC0063,LOT2026B,24,124.19,5.047,10.508,1.864,5.449,PASS,0
IC0063,LOT2026B,96,124.19,5.003,12.421,2.049,5.611,PASS,0
IC0063,LOT2026B,168,124.19,5.005,14.009,2.358,5.763,PASS,0
IC0064,LOT2026B,0,126.54,5.012,9.178,1.742,5.147,PASS,0
IC0064,LOT2026B,24,126.54,5.038,9.876,1.802,5.2,PASS,0
IC0064,LOT2026B,96,126.54,5.001,11.32,2.059,5.362,PASS,0
IC0064,LOT2026B,168,126.54,4.971,12.691,2.296,5.508,PASS,0
IC0065,LOT2026B,0,124.23,5.013,10.046,1.7,5.3,PASS,0
IC0065,LOT2026B,24,124.23,5.018,10.308,1.77,5.371,PASS,0
IC0065,LOT2026B,96,124.23,5.022,11.937,1.962,5.528,PASS,0
IC0065,LOT2026B,168,124.23,5.001,13.916,2.272,5.676,PASS,0
IC0066,LOT2026B,0,123.24,4.991,8.911,1.726,5.31,PASS,0
IC0066,LOT2026B,24,123.24,5.006,9.0,1.871,5.32,PASS,0
IC0066,LOT2026B,96,123.24,5.016,10.302,1.953,5.441,PASS,0
IC0066,LOT2026B,168,123.24,5.024,11.069,2.142,5.55,PASS,0
IC0067,LOT2026B,0,126.66,4.993,8.296,1.8,5.418,PASS,0
IC0067,LOT2026B,24,126.66,5.009,8.63,1.908,5.467,PASS,0
IC0067,LOT2026B,96,126.66,5.01,9.607,2.09,5.54,PASS,0
IC0067,LOT2026B,168,126.66,4.961,10.564,2.272,5.643,PASS,0
IC0068,LOT2026B,0,125.41,5.024,9.259,1.781,5.322,PASS,0
IC0068,LOT2026B,24,125.41,5.031,9.625,1.936,5.371,PASS,0
IC0068,LOT2026B,96,125.41,4.978,11.451,2.205,5.531,PASS,0
IC0068,LOT2026B,168,125.41,4.995,13.616,2.506,5.743,PASS,0
IC0069,LOT2026B,0,127.22,4.992,8.402,1.758,5.317,PASS,0
IC0069,LOT2026B,24,127.22,5.013,8.97,1.824,5.372,PASS,0
IC0069,LOT2026B,96,127.22,5.008,10.057,1.985,5.518,PASS,0
IC0069,LOT2026B,168,127.22,5.02,11.411,2.138,5.652,PASS,0
IC0070,LOT2026B,0,125.43,4.979,9.324,1.79,5.375,PASS,0
IC0070,LOT2026B,24,125.43,4.967,9.974,1.928,5.475,PASS,0
IC0070,LOT2026B,96,125.43,4.96,11.587,2.091,5.603,PASS,0
IC0070,LOT2026B,168,125.43,5.011,12.56,2.314,5.708,PASS,0
IC0071,LOT2026B,0,126.54,4.989,8.839,1.688,5.144,PASS,0
IC0071,LOT2026B,24,126.54,4.977,9.287,1.766,5.222,PASS,0
IC0071,LOT2026B,96,126.54,4.984,10.145,1.895,5.315,PASS,0
IC0071,LOT2026B,168,126.54,4.939,11.143,1.965,5.428,PASS,0
IC0072,LOT2026B,0,124.08,4.988,10.015,1.779,5.195,PASS,0
IC0072,LOT2026B,24,124.08,4.992,10.279,1.848,5.214,PASS,0
IC0072,LOT2026B,96,124.08,4.999,11.312,1.923,5.371,PASS,0
IC0072,LOT2026B,168,124.08,5.002,12.041,2.085,5.41,PASS,0
IC0073,LOT2026B,0,123.16,4.964,8.253,1.783,5.2,PASS,0
IC0073,LOT2026B,24,123.16,4.976,8.393,1.822,5.261,PASS,0
IC0073,LOT2026B,96,123.16,4.995,9.451,2.065,5.367,PASS,0
IC0073,LOT2026B,168,123.16,4.998,10.584,2.278,5.519,PASS,0
IC0074,LOT2026B,0,124.35,5.032,9.841,1.736,5.318,PASS,0
IC0074,LOT2026B,24,124.35,4.995,10.087,1.827,5.347,PASS,0
IC0074,LOT2026B,96,124.35,4.984,10.91,1.977,5.418,PASS,0
IC0074,LOT2026B,168,124.35,5.019,11.967,2.125,5.531,PASS,0
IC0075,LOT2026B,0,125.13,4.972,9.409,1.865,5.339,PASS,1
IC0075,LOT2026B,24,125.13,5.013,9.801,1.867,5.388,PASS,1
IC0075,LOT2026B,96,125.13,5.032,15.089,2.683,5.865,PASS,1
IC0075,LOT2026B,168,125.13,5.01,27.649,4.609,7.16,PASS,1
IC0076,LOT2026B,0,125.02,5.026,8.44,1.847,5.329,PASS,0
IC0076,LOT2026B,24,125.02,5.015,9.411,1.906,5.393,PASS,0
IC0076,LOT2026B,96,125.02,5.018,11.035,2.146,5.567,PASS,0
IC0076,LOT2026B,168,125.02,4.98,12.796,2.42,5.708,PASS,0
IC0077,LOT2026B,0,125.99,4.99,10.05,1.852,5.268,PASS,1
IC0077,LOT2026B,24,125.99,5.034,9.754,1.838,5.249,PASS,1
IC0077,LOT2026B,96,125.99,5.019,13.41,2.392,5.618,PASS,1
IC0077,LOT2026B,168,125.99,4.972,19.933,3.372,6.25,PASS,1
IC0078,LOT2026B,0,122.03,4.977,8.929,1.829,5.241,PASS,0
IC0078,LOT2026B,24,122.03,4.991,9.637,1.909,5.274,PASS,0
IC0078,LOT2026B,96,122.03,5.003,10.567,2.05,5.392,PASS,0
IC0078,LOT2026B,168,122.03,4.984,11.589,2.239,5.507,PASS,0
IC0079,LOT2026B,0,122.29,4.984,10.129,1.89,5.183,PASS,0
IC0079,LOT2026B,24,122.29,5.004,10.841,1.946,5.275,PASS,0
IC0079,LOT2026B,96,122.29,5.004,12.171,2.137,5.389,PASS,0
IC0079,LOT2026B,168,122.29,5.001,13.615,2.325,5.491,PASS,0
IC0080,LOT2026B,0,124.96,4.984,9.757,2.034,5.307,PASS,0
IC0080,LOT2026B,24,124.96,5.025,9.776,2.127,5.34,PASS,0
IC0080,LOT2026B,96,124.96,4.986,10.951,2.399,5.469,PASS,0
IC0080,LOT2026B,168,124.96,5.003,12.212,2.576,5.59,PASS,0
IC0081,LOT2026B,0,124.9,4.99,9.615,1.762,5.242,PASS,0
IC0081,LOT2026B,24,124.9,5.025,10.545,1.844,5.328,PASS,0
IC0081,LOT2026B,96,124.9,4.983,11.973,2.074,5.486,PASS,0
IC0081,LOT2026B,168,124.9,5.001,13.757,2.274,5.656,PASS,0
IC0082,LOT2026B,0,125.72,4.998,9.386,1.821,5.307,PASS,0
IC0082,LOT2026B,24,125.72,4.981,10.257,1.956,5.363,PASS,0
IC0082,LOT2026B,96,125.72,4.996,11.214,2.138,5.435,PASS,0
IC0082,LOT2026B,168,125.72,4.996,12.546,2.321,5.597,PASS,0
IC0083,LOT2026B,0,125.14,5.026,9.604,1.96,5.34,PASS,0
IC0083,LOT2026B,24,125.14,4.998,10.064,2.02,5.373,PASS,0
IC0083,LOT2026B,96,125.14,5.002,11.657,2.285,5.523,PASS,0
IC0083,LOT2026B,168,125.14,5.012,13.619,2.588,5.728,PASS,0
IC0084,LOT2026B,0,128.28,4.982,9.27,1.866,5.251,PASS,0
IC0084,LOT2026B,24,128.28,5.019,10.042,1.911,5.268,PASS,0
IC0084,LOT2026B,96,128.28,4.999,11.21,2.114,5.425,PASS,0
IC0084,LOT2026B,168,128.28,4.952,12.683,2.398,5.606,PASS,0
IC0085,LOT2026B,0,126.55,5.01,8.389,1.847,5.351,PASS,0
IC0085,LOT2026B,24,126.55,4.991,9.066,1.919,5.369,PASS,0
IC0085,LOT2026B,96,126.55,5.003,10.199,2.18,5.579,PASS,0
IC0085,LOT2026B,168,126.55,4.96,11.618,2.461,5.713,PASS,0
IC0086,LOT2026B,0,126.85,5.009,9.658,1.968,5.335,PASS,0
IC0086,LOT2026B,24,126.85,5.019,9.916,1.995,5.433,PASS,0
IC0086,LOT2026B,96,126.85,4.99,11.054,2.228,5.551,PASS,0
IC0086,LOT2026B,168,126.85,4.99,12.124,2.451,5.706,PASS,0
IC0087,LOT2026B,0,127.9,4.994,9.345,1.976,5.375,PASS,0
IC0087,LOT2026B,24,127.9,5.025,10.391,2.071,5.45,PASS,0
IC0087,LOT2026B,96,127.9,4.956,11.983,2.326,5.65,PASS,0
IC0087,LOT2026B,168,127.9,4.969,13.784,2.721,5.805,PASS,0
IC0088,LOT2026B,0,125.39,4.959,9.426,1.826,5.348,PASS,0
IC0088,LOT2026B,24,125.39,4.986,10.098,1.852,5.419,PASS,0
IC0088,LOT2026B,96,125.39,4.999,11.952,2.184,5.626,PASS,0
IC0088,LOT2026B,168,125.39,5.006,13.304,2.344,5.786,PASS,0
IC0089,LOT2026B,0,126.81,4.982,10.528,2.03,5.262,PASS,0
IC0089,LOT2026B,24,126.81,5.032,10.565,2.051,5.306,PASS,0
IC0089,LOT2026B,96,126.81,5.001,11.851,2.298,5.431,PASS,0
IC0089,LOT2026B,168,126.81,4.99,13.749,2.546,5.559,PASS,0
IC0090,LOT2026B,0,126.03,4.982,8.966,1.602,5.396,PASS,0
IC0090,LOT2026B,24,126.03,5.012,9.182,1.704,5.419,PASS,0
IC0090,LOT2026B,96,126.03,4.983,10.698,1.91,5.558,PASS,0
IC0090,LOT2026B,168,126.03,4.989,11.939,2.086,5.67,PASS,0
IC0091,LOT2026C,0,108.54,5.011,9.689,2.386,4.947,PASS,0
IC0091,LOT2026C,24,108.54,4.988,9.571,2.417,4.981,PASS,0
IC0091,LOT2026C,96,108.54,4.997,9.704,2.448,4.968,PASS,0
IC0091,LOT2026C,168,108.54,5.026,10.319,2.548,5.025,PASS,0
IC0092,LOT2026C,0,110.99,5.015,9.087,2.203,4.711,PASS,0
IC0092,LOT2026C,24,110.99,4.999,9.58,2.282,4.733,PASS,0
IC0092,LOT2026C,96,110.99,5.028,10.077,2.465,4.818,PASS,0
IC0092,LOT2026C,168,110.99,4.985,11.086,2.611,4.897,PASS,0
IC0093,LOT2026C,0,111.64,5.024,10.479,2.337,4.581,PASS,0
IC0093,LOT2026C,24,111.64,4.994,10.864,2.351,4.604,PASS,0
IC0093,LOT2026C,96,111.64,5.002,11.474,2.446,4.647,PASS,0
IC0093,LOT2026C,168,111.64,4.966,11.887,2.599,4.694,PASS,0
IC0094,LOT2026C,0,109.68,5.023,10.111,2.326,4.589,PASS,0
IC0094,LOT2026C,24,109.68,5.021,10.392,2.332,4.612,PASS,0
IC0094,LOT2026C,96,109.68,5.01,10.536,2.42,4.662,PASS,0
IC0094,LOT2026C,168,109.68,4.99,11.216,2.512,4.688,PASS,0
IC0095,LOT2026C,0,109.53,4.958,9.986,2.151,4.776,PASS,1
IC0095,LOT2026C,24,109.53,5.001,10.651,2.207,4.802,PASS,1
IC0095,LOT2026C,96,109.53,5.004,12.442,2.484,4.922,PASS,1
IC0095,LOT2026C,168,109.53,5.013,16.039,3.135,5.327,PASS,1
IC0096,LOT2026C,0,112.21,4.998,9.453,2.286,4.798,PASS,0
IC0096,LOT2026C,24,112.21,5.028,9.495,2.38,4.797,PASS,0
IC0096,LOT2026C,96,112.21,5.009,10.159,2.452,4.898,PASS,0
IC0096,LOT2026C,168,112.21,5.006,10.486,2.582,4.941,PASS,0
IC0097,LOT2026C,0,107.13,5.017,9.623,2.238,4.857,PASS,0
IC0097,LOT2026C,24,107.13,4.992,9.599,2.308,4.856,PASS,0
IC0097,LOT2026C,96,107.13,4.985,10.231,2.371,4.93,PASS,0
IC0097,LOT2026C,168,107.13,5.004,10.835,2.463,4.997,PASS,0
IC0098,LOT2026C,0,109.17,5.023,8.861,2.449,4.862,PASS,0
IC0098,LOT2026C,24,109.17,4.988,9.215,2.499,4.9,PASS,0
IC0098,LOT2026C,96,109.17,5.029,9.855,2.606,4.926,PASS,0
IC0098,LOT2026C,168,109.17,5.048,10.696,2.744,5.007,PASS,0
IC0099,LOT2026C,0,108.41,4.98,7.826,2.44,4.688,PASS,0
IC0099,LOT2026C,24,108.41,5.002,8.005,2.425,4.68,PASS,0
IC0099,LOT2026C,96,108.41,5.014,8.488,2.581,4.725,PASS,0
IC0099,LOT2026C,168,108.41,5.007,9.038,2.733,4.794,PASS,0
IC0100,LOT2026C,0,112.35,4.965,9.331,2.099,4.787,PASS,0
IC0100,LOT2026C,24,112.35,4.979,9.742,2.106,4.768,PASS,0
IC0100,LOT2026C,96,112.35,5.01,10.035,2.302,4.862,PASS,0
IC0100,LOT2026C,168,112.35,4.978,10.735,2.339,4.914,PASS,0
IC0101,LOT2026C,0,111.25,4.999,9.803,2.337,4.746,PASS,0
IC0101,LOT2026C,24,111.25,5.003,9.964,2.371,4.747,PASS,0
IC0101,LOT2026C,96,111.25,4.965,10.705,2.54,4.848,PASS,0
IC0101,LOT2026C,168,111.25,4.997,11.679,2.691,4.881,PASS,0
IC0102,LOT2026C,0,112.76,5.049,8.279,2.17,4.636,PASS,1
IC0102,LOT2026C,24,112.76,4.964,8.464,2.269,4.649,PASS,1
IC0102,LOT2026C,96,112.76,4.997,11.33,2.812,4.911,PASS,1
IC0102,LOT2026C,168,112.76,5.002,16.324,3.827,5.395,PASS,1
IC0103,LOT2026C,0,111.62,4.989,8.117,2.359,4.787,PASS,0
IC0103,LOT2026C,24,111.62,5.015,8.348,2.486,4.812,PASS,0
IC0103,LOT2026C,96,111.62,4.991,9.426,2.585,4.865,PASS,0
IC0103,LOT2026C,168,111.62,4.98,10.093,2.727,4.946,PASS,0
IC0104,LOT2026C,0,112.26,5.03,8.694,2.348,4.821,PASS,1
IC0104,LOT2026C,24,112.26,5.014,8.673,2.369,4.861,PASS,1
IC0104,LOT2026C,96,112.26,4.995,10.178,2.706,4.967,PASS,1
IC0104,LOT2026C,168,112.26,5.002,13.485,3.329,5.274,PASS,1
IC0105,LOT2026C,0,112.59,4.971,7.857,2.341,4.623,PASS,0
IC0105,LOT2026C,24,112.59,5.006,8.257,2.412,4.624,PASS,0
IC0105,LOT2026C,96,112.59,5.037,8.469,2.499,4.702,PASS,0
IC0105,LOT2026C,168,112.59,5.02,8.882,2.69,4.739,PASS,0
IC0106,LOT2026C,0,111.46,5.012,8.549,2.367,4.761,PASS,0
IC0106,LOT2026C,24,111.46,4.988,8.713,2.401,4.756,PASS,0
IC0106,LOT2026C,96,111.46,5.027,9.733,2.596,4.873,PASS,0
IC0106,LOT2026C,168,111.46,5.003,10.178,2.805,4.914,PASS,0
IC0107,LOT2026C,0,109.49,5.001,8.344,2.177,4.823,PASS,0
IC0107,LOT2026C,24,109.49,4.962,8.499,2.19,4.795,PASS,0
IC0107,LOT2026C,96,109.49,4.983,8.997,2.282,4.861,PASS,0
IC0107,LOT2026C,168,109.49,5.023,9.955,2.463,4.945,PASS,0
IC0108,LOT2026C,0,110.0,4.987,9.32,2.359,4.74,PASS,0
IC0108,LOT2026C,24,110.0,5.016,9.633,2.41,4.757,PASS,0
IC0108,LOT2026C,96,110.0,4.992,10.059,2.595,4.836,PASS,0
IC0108,LOT2026C,168,110.0,5.011,11.243,2.726,4.896,PASS,0
IC0109,LOT2026C,0,109.27,4.986,10.554,2.294,4.589,PASS,0
IC0109,LOT2026C,24,109.27,5.018,10.257,2.334,4.57,PASS,0
IC0109,LOT2026C,96,109.27,4.985,11.052,2.413,4.622,PASS,0
IC0109,LOT2026C,168,109.27,4.945,11.7,2.577,4.654,PASS,0
IC0110,LOT2026C,0,107.35,5.032,9.909,2.271,4.689,PASS,0
IC0110,LOT2026C,24,107.35,5.015,10.234,2.341,4.676,PASS,0
IC0110,LOT2026C,96,107.35,5.011,10.14,2.313,4.712,PASS,0
IC0110,LOT2026C,168,107.35,4.999,10.944,2.507,4.74,PASS,0
IC0111,LOT2026C,0,110.46,4.999,8.713,2.361,4.622,PASS,0
IC0111,LOT2026C,24,110.46,4.997,8.876,2.37,4.62,PASS,0
IC0111,LOT2026C,96,110.46,4.996,9.956,2.516,4.738,PASS,0
IC0111,LOT2026C,168,110.46,5.032,10.243,2.68,4.791,PASS,0
IC0112,LOT2026C,0,110.33,5.016,9.8,2.34,4.92,PASS,0
IC0112,LOT2026C,24,110.33,4.969,10.384,2.45,4.937,PASS,0
IC0112,LOT2026C,96,110.33,4.995,10.952,2.526,4.992,PASS,0
IC0112,LOT2026C,168,110.33,5.002,12.224,2.734,5.037,PASS,0
IC0113,LOT2026C,0,111.48,5.008,8.436,2.212,4.858,PASS,0
IC0113,LOT2026C,24,111.48,4.973,8.919,2.29,4.862,PASS,0
IC0113,LOT2026C,96,111.48,4.975,9.757,2.443,4.935,PASS,0
IC0113,LOT2026C,168,111.48,4.998,10.771,2.64,5.014,PASS,0
IC0114,LOT2026C,0,108.75,5.018,9.006,2.457,4.746,PASS,0
IC0114,LOT2026C,24,108.75,4.998,9.371,2.448,4.733,PASS,0
IC0114,LOT2026C,96,108.75,4.987,9.414,2.54,4.775,PASS,0
IC0114,LOT2026C,168,108.75,5.003,10.21,2.654,4.876,PASS,0
IC0115,LOT2026C,0,109.56,5.025,9.158,2.299,4.797,PASS,0
IC0115,LOT2026C,24,109.56,5.021,9.375,2.345,4.78,PASS,0
IC0115,LOT2026C,96,109.56,4.991,9.992,2.561,4.868,PASS,0
IC0115,LOT2026C,168,109.56,5.019,10.736,2.679,4.952,PASS,0
IC0116,LOT2026C,0,111.86,4.98,8.641,2.477,4.698,PASS,0
IC0116,LOT2026C,24,111.86,5.001,8.937,2.467,4.692,PASS,0
IC0116,LOT2026C,96,111.86,5.005,9.323,2.501,4.724,PASS,0
IC0116,LOT2026C,168,111.86,5.015,10.024,2.667,4.792,PASS,0
IC0117,LOT2026C,0,109.0,4.999,9.11,2.244,4.658,PASS,0
IC0117,LOT2026C,24,109.0,4.987,9.114,2.286,4.678,PASS,0
IC0117,LOT2026C,96,109.0,5.025,9.725,2.375,4.697,PASS,0
IC0117,LOT2026C,168,109.0,5.061,10.535,2.574,4.774,PASS,0
IC0118,LOT2026C,0,109.66,5.008,9.341,2.294,4.762,PASS,0
IC0118,LOT2026C,24,109.66,4.995,9.356,2.29,4.846,PASS,0
IC0118,LOT2026C,96,109.66,5.011,10.004,2.439,4.864,PASS,0
IC0118,LOT2026C,168,109.66,4.988,10.833,2.61,4.912,PASS,0
IC0119,LOT2026C,0,108.62,5.013,8.145,2.452,4.806,PASS,0
IC0119,LOT2026C,24,108.62,5.011,8.409,2.415,4.803,PASS,0
IC0119,LOT2026C,96,108.62,4.993,8.955,2.567,4.864,PASS,0
IC0119,LOT2026C,168,108.62,4.976,9.542,2.709,4.941,PASS,0
IC0120,LOT2026C,0,109.83,5.009,9.891,2.172,4.748,PASS,0
IC0120,LOT2026C,24,109.83,4.989,10.0,2.229,4.765,PASS,0
IC0120,LOT2026C,96,109.83,5.02,10.636,2.367,4.787,PASS,0
IC0120,LOT2026C,168,109.83,5.02,11.212,2.517,4.918,PASS,0
IC0121,LOT2026C,0,112.14,4.991,9.113,2.162,4.565,PASS,0
IC0121,LOT2026C,24,112.14,5.011,9.151,2.206,4.602,PASS,0
IC0121,LOT2026C,96,112.14,5.022,9.858,2.287,4.628,PASS,0
IC0121,LOT2026C,168,112.14,5.007,10.228,2.348,4.7,PASS,0
IC0122,LOT2026C,0,108.73,4.987,8.392,2.383,4.762,PASS,0
IC0122,LOT2026C,24,108.73,4.978,8.402,2.447,4.787,PASS,0
IC0122,LOT2026C,96,108.73,4.945,9.351,2.574,4.851,PASS,0
IC0122,LOT2026C,168,108.73,4.993,9.68,2.705,4.929,PASS,0
IC0123,LOT2026C,0,109.73,4.989,8.79,2.171,4.667,PASS,0
IC0123,LOT2026C,24,109.73,5.021,8.96,2.192,4.646,PASS,0
IC0123,LOT2026C,96,109.73,4.99,9.366,2.239,4.72,PASS,0
IC0123,LOT2026C,168,109.73,4.999,9.973,2.366,4.774,PASS,0
IC0124,LOT2026C,0,109.34,4.98,9.36,2.403,4.933,PASS,1
IC0124,LOT2026C,24,109.34,5.003,9.421,2.452,4.935,PASS,1
IC0124,LOT2026C,96,109.34,5.023,12.419,2.993,5.192,PASS,1
IC0124,LOT2026C,168,109.34,5.016,16.605,3.912,5.643,PASS,1
IC0125,LOT2026C,0,111.37,5.001,9.265,2.317,4.742,PASS,0
IC0125,LOT2026C,24,111.37,4.967,9.47,2.436,4.75,PASS,0
IC0125,LOT2026C,96,111.37,4.971,10.4,2.629,4.858,PASS,0
IC0125,LOT2026C,168,111.37,4.982,11.126,2.745,4.927,PASS,0
IC0126,LOT2026C,0,110.1,4.999,9.254,2.363,4.682,PASS,0
IC0126,LOT2026C,24,110.1,4.974,9.474,2.388,4.697,PASS,0
IC0126,LOT2026C,96,110.1,4.995,10.087,2.564,4.752,PASS,0
IC0126,LOT2026C,168,110.1,4.988,10.559,2.668,4.807,PASS,0
IC0127,LOT2026C,0,110.94,5.0,8.887,2.228,4.736,PASS,0
IC0127,LOT2026C,24,110.94,4.965,8.798,2.223,4.71,PASS,0
IC0127,LOT2026C,96,110.94,4.982,9.274,2.333,4.781,PASS,0
IC0127,LOT2026C,168,110.94,5.016,9.612,2.391,4.821,PASS,0
IC0128,LOT2026C,0,108.93,4.956,9.97,2.176,4.643,PASS,0
IC0128,LOT2026C,24,108.93,5.001,9.878,2.174,4.633,PASS,0
IC0128,LOT2026C,96,108.93,5.0,10.73,2.318,4.743,PASS,0
IC0128,LOT2026C,168,108.93,5.008,11.457,2.408,4.835,PASS,0
IC0129,LOT2026C,0,110.57,4.987,9.42,2.462,4.817,PASS,0
IC0129,LOT2026C,24,110.57,5.001,9.585,2.605,4.867,PASS,0
IC0129,LOT2026C,96,110.57,4.992,10.387,2.751,4.895,PASS,0
IC0129,LOT2026C,168,110.57,5.014,11.309,2.914,4.957,PASS,0
IC0130,LOT2026C,0,112.91,4.974,9.641,2.463,4.648,PASS,0
IC0130,LOT2026C,24,112.91,4.962,9.759,2.554,4.717,PASS,0
IC0130,LOT2026C,96,112.91,5.022,10.468,2.576,4.741,PASS,0
IC0130,LOT2026C,168,112.91,4.996,10.653,2.747,4.75,PASS,0
IC0131,LOT2026C,0,111.71,5.002,9.298,2.292,4.824,PASS,0
IC0131,LOT2026C,24,111.71,5.005,9.154,2.281,4.831,PASS,0
IC0131,LOT2026C,96,111.71,4.995,10.221,2.514,4.943,PASS,0
IC0131,LOT2026C,168,111.71,4.976,11.082,2.697,5.018,PASS,0
IC0132,LOT2026C,0,110.24,5.007,9.894,2.281,4.803,PASS,0
IC0132,LOT2026C,24,110.24,5.013,10.421,2.343,4.803,PASS,0
IC0132,LOT2026C,96,110.24,4.982,11.145,2.475,4.837,PASS,0
IC0132,LOT2026C,168,110.24,4.998,12.051,2.599,4.912,PASS,0
IC0133,LOT2026C,0,112.34,5.004,8.965,2.477,4.759,PASS,0
IC0133,LOT2026C,24,112.34,4.987,9.122,2.492,4.782,PASS,0
IC0133,LOT2026C,96,112.34,4.985,9.911,2.586,4.857,PASS,0
IC0133,LOT2026C,168,112.34,4.995,10.467,2.679,4.917,PASS,0
IC0134,LOT2026C,0,109.68,5.014,9.282,2.407,4.708,PASS,0
IC0134,LOT2026C,24,109.68,5.016,9.5,2.415,4.7,PASS,0
IC0134,LOT2026C,96,109.68,5.007,9.874,2.463,4.689,PASS,0
IC0134,LOT2026C,168,109.68,5.041,10.407,2.528,4.779,PASS,0
IC0135,LOT2026C,0,110.12,5.036,8.956,2.34,4.932,PASS,0
IC0135,LOT2026C,24,110.12,4.989,9.241,2.469,4.921,PASS,0
IC0135,LOT2026C,96,110.12,4.972,10.077,2.539,5.033,PASS,0
IC0135,LOT2026C,168,110.12,5.029,10.597,2.68,5.022,PASS,0
IC0136,LOT2026D,0,109.59,5.012,9.982,2.169,5.084,PASS,0
IC0136,LOT2026D,24,109.59,5.0,10.171,2.244,5.075,PASS,0
IC0136,LOT2026D,96,109.59,4.997,11.084,2.312,5.174,PASS,0
IC0136,LOT2026D,168,109.59,5.003,11.78,2.418,5.202,PASS,0
IC0137,LOT2026D,0,110.73,4.987,11.163,2.022,4.941,PASS,0
IC0137,LOT2026D,24,110.73,5.005,11.397,2.076,4.943,PASS,0
IC0137,LOT2026D,96,110.73,5.014,12.053,2.254,5.039,PASS,0
IC0137,LOT2026D,168,110.73,4.984,12.355,2.233,5.09,PASS,0
IC0138,LOT2026D,0,108.95,4.996,10.548,1.897,4.992,PASS,0
IC0138,LOT2026D,24,108.95,5.013,10.852,1.905,5.024,PASS,0
IC0138,LOT2026D,96,108.95,5.015,11.354,1.953,5.036,PASS,0
IC0138,LOT2026D,168,108.95,5.014,11.915,2.056,5.097,PASS,0
IC0139,LOT2026D,0,111.4,5.057,11.379,1.962,5.223,PASS,0
IC0139,LOT2026D,24,111.4,5.031,11.517,1.992,5.212,PASS,0
IC0139,LOT2026D,96,111.4,4.966,11.987,2.033,5.252,PASS,0
IC0139,LOT2026D,168,111.4,5.018,13.082,2.155,5.284,PASS,0
IC0140,LOT2026D,0,108.91,5.008,11.485,1.957,5.02,PASS,0
IC0140,LOT2026D,24,108.91,5.012,11.621,1.999,5.061,PASS,0
IC0140,LOT2026D,96,108.91,5.019,12.513,2.095,5.115,PASS,0
IC0140,LOT2026D,168,108.91,5.011,12.93,2.116,5.167,PASS,0
IC0141,LOT2026D,0,111.64,5.036,9.958,1.875,5.162,PASS,0
IC0141,LOT2026D,24,111.64,4.99,10.321,1.922,5.182,PASS,0
IC0141,LOT2026D,96,111.64,4.97,11.228,2.002,5.217,PASS,0
IC0141,LOT2026D,168,111.64,4.999,11.388,2.076,5.277,PASS,0
IC0142,LOT2026D,0,109.52,5.005,10.336,1.962,5.126,PASS,0
IC0142,LOT2026D,24,109.52,4.985,10.5,1.998,5.165,PASS,0
IC0142,LOT2026D,96,109.52,5.019,11.445,2.179,5.21,PASS,0
IC0142,LOT2026D,168,109.52,4.995,12.317,2.264,5.291,PASS,0
IC0143,LOT2026D,0,111.28,5.012,10.804,2.058,5.012,PASS,0
IC0143,LOT2026D,24,111.28,4.998,11.197,2.057,5.005,PASS,0
IC0143,LOT2026D,96,111.28,4.998,12.482,2.204,5.065,PASS,0
IC0143,LOT2026D,168,111.28,4.985,13.343,2.328,5.207,PASS,0
IC0144,LOT2026D,0,107.97,4.976,10.624,1.962,4.96,PASS,0
IC0144,LOT2026D,24,107.97,5.033,10.487,1.996,4.97,PASS,0
IC0144,LOT2026D,96,107.97,4.99,11.227,2.086,4.974,PASS,0
IC0144,LOT2026D,168,107.97,5.006,11.388,2.161,5.008,PASS,0
IC0145,LOT2026D,0,108.05,4.995,10.95,1.909,5.199,PASS,0
IC0145,LOT2026D,24,108.05,4.979,10.928,1.92,5.175,PASS,0
IC0145,LOT2026D,96,108.05,4.987,11.37,1.993,5.3,PASS,0
IC0145,LOT2026D,168,108.05,4.995,12.137,2.114,5.27,PASS,0
IC0146,LOT2026D,0,107.57,4.955,12.658,1.827,4.991,PASS,1
IC0146,LOT2026D,24,107.57,5.008,12.504,1.848,5.039,PASS,1
IC0146,LOT2026D,96,107.57,5.0,15.37,2.172,5.258,PASS,1
IC0146,LOT2026D,168,107.57,4.985,20.499,2.747,5.579,PASS,1
IC0147,LOT2026D,0,108.42,5.002,11.346,2.037,5.218,PASS,0
IC0147,LOT2026D,24,108.42,4.999,11.32,2.077,5.226,PASS,0
IC0147,LOT2026D,96,108.42,4.985,11.927,2.167,5.266,PASS,0
IC0147,LOT2026D,168,108.42,4.96,13.015,2.272,5.334,PASS,0
IC0148,LOT2026D,0,108.86,4.98,11.324,1.925,5.016,PASS,0
IC0148,LOT2026D,24,108.86,5.004,11.478,1.922,5.014,PASS,0
IC0148,LOT2026D,96,108.86,5.006,12.694,2.051,5.12,PASS,0
IC0148,LOT2026D,168,108.86,4.995,13.448,2.213,5.192,PASS,0
IC0149,LOT2026D,0,109.46,4.994,9.866,1.927,5.03,PASS,0
IC0149,LOT2026D,24,109.46,4.995,10.238,1.918,5.084,PASS,0
IC0149,LOT2026D,96,109.46,5.005,10.535,2.032,5.133,PASS,0
IC0149,LOT2026D,168,109.46,5.009,11.583,2.117,5.168,PASS,0
IC0150,LOT2026D,0,108.74,4.994,11.474,2.075,5.137,PASS,0
IC0150,LOT2026D,24,108.74,4.969,11.741,2.07,5.108,PASS,0
IC0150,LOT2026D,96,108.74,4.997,12.324,2.144,5.208,PASS,0
IC0150,LOT2026D,168,108.74,5.012,13.157,2.272,5.277,PASS,0
IC0151,LOT2026D,0,108.91,4.981,10.864,2.212,5.067,PASS,0
IC0151,LOT2026D,24,108.91,5.001,11.054,2.226,5.108,PASS,0
IC0151,LOT2026D,96,108.91,5.011,11.725,2.362,5.157,PASS,0
IC0151,LOT2026D,168,108.91,4.998,12.499,2.471,5.231,PASS,0
IC0152,LOT2026D,0,110.37,4.996,11.389,1.919,5.0,PASS,0
IC0152,LOT2026D,24,110.37,4.984,11.667,2.004,5.043,PASS,0
IC0152,LOT2026D,96,110.37,5.022,12.314,2.037,5.111,PASS,0
IC0152,LOT2026D,168,110.37,5.0,13.252,2.158,5.211,PASS,0
IC0153,LOT2026D,0,108.77,5.011,9.556,1.96,5.12,PASS,0
IC0153,LOT2026D,24,108.77,5.003,10.012,1.972,5.186,PASS,0
IC0153,LOT2026D,96,108.77,4.952,10.612,2.027,5.227,PASS,0
IC0153,LOT2026D,168,108.77,5.011,11.029,2.116,5.268,PASS,0
IC0154,LOT2026D,0,109.04,4.98,10.984,1.888,5.061,PASS,0
IC0154,LOT2026D,24,109.04,4.994,11.49,1.945,5.09,PASS,0
IC0154,LOT2026D,96,109.04,5.007,11.877,2.064,5.106,PASS,0
IC0154,LOT2026D,168,109.04,5.004,12.494,2.101,5.2,PASS,0
IC0155,LOT2026D,0,108.49,4.998,10.736,1.989,5.417,PASS,0
IC0155,LOT2026D,24,108.49,4.983,11.058,2.039,5.393,PASS,0
IC0155,LOT2026D,96,108.49,5.021,11.776,2.113,5.477,PASS,0
IC0155,LOT2026D,168,108.49,4.973,12.466,2.179,5.532,PASS,0
IC0156,LOT2026D,0,109.66,4.979,11.092,1.887,5.003,PASS,0
IC0156,LOT2026D,24,109.66,4.984,11.247,1.917,4.99,PASS,0
IC0156,LOT2026D,96,109.66,4.999,11.951,1.969,5.142,PASS,0
IC0156,LOT2026D,168,109.66,5.042,12.681,2.09,5.135,PASS,0
IC0157,LOT2026D,0,111.5,4.984,11.042,1.99,5.024,PASS,0
IC0157,LOT2026D,24,111.5,4.995,11.531,2.134,5.057,PASS,0
IC0157,LOT2026D,96,111.5,5.001,12.473,2.235,5.094,PASS,0
IC0157,LOT2026D,168,111.5,5.028,13.335,2.328,5.171,PASS,0
IC0158,LOT2026D,0,111.81,5.008,10.992,2.163,5.084,PASS,0
IC0158,LOT2026D,24,111.81,5.014,11.33,2.249,5.119,PASS,0
IC0158,LOT2026D,96,111.81,5.004,12.514,2.389,5.178,PASS,0
IC0158,LOT2026D,168,111.81,4.983,13.317,2.53,5.251,PASS,0
IC0159,LOT2026D,0,108.43,5.01,10.536,2.003,5.084,PASS,0
IC0159,LOT2026D,24,108.43,5.022,10.33,2.059,5.069,PASS,0
IC0159,LOT2026D,96,108.43,4.991,11.105,2.152,5.19,PASS,0
IC0159,LOT2026D,168,108.43,5.007,11.711,2.227,5.209,PASS,0
IC0160,LOT2026D,0,111.74,4.992,10.63,1.89,5.007,PASS,0
IC0160,LOT2026D,24,111.74,4.991,11.028,1.806,5.037,PASS,0
IC0160,LOT2026D,96,111.74,4.997,11.674,1.945,5.059,PASS,0
IC0160,LOT2026D,168,111.74,5.026,12.007,2.01,5.11,PASS,0
IC0161,LOT2026D,0,110.11,5.0,11.208,1.942,5.031,PASS,0
IC0161,LOT2026D,24,110.11,4.952,11.433,2.076,5.078,PASS,0
IC0161,LOT2026D,96,110.11,4.999,12.253,2.134,5.146,PASS,0
IC0161,LOT2026D,168,110.11,5.06,13.106,2.223,5.184,PASS,0
IC0162,LOT2026D,0,108.93,5.037,10.949,1.866,5.074,PASS,0
IC0162,LOT2026D,24,108.93,4.983,11.258,1.895,5.132,PASS,0
IC0162,LOT2026D,96,108.93,4.959,11.547,1.947,5.166,PASS,0
IC0162,LOT2026D,168,108.93,5.007,12.142,2.005,5.205,PASS,0
IC0163,LOT2026D,0,108.66,5.017,9.216,2.003,5.124,PASS,0
IC0163,LOT2026D,24,108.66,5.007,9.554,2.123,5.164,PASS,0
IC0163,LOT2026D,96,108.66,5.009,10.11,2.097,5.232,PASS,0
IC0163,LOT2026D,168,108.66,4.988,10.756,2.282,5.238,PASS,0
IC0164,LOT2026D,0,108.3,5.009,11.637,2.135,4.925,PASS,0
IC0164,LOT2026D,24,108.3,5.012,12.139,2.092,4.928,PASS,0
IC0164,LOT2026D,96,108.3,4.978,12.916,2.196,5.006,PASS,0
IC0164,LOT2026D,168,108.3,4.991,13.232,2.3,5.037,PASS,0
IC0165,LOT2026D,0,108.48,4.999,10.215,1.971,5.064,PASS,0
IC0165,LOT2026D,24,108.48,4.985,10.398,2.005,5.088,PASS,0
IC0165,LOT2026D,96,108.48,5.007,10.663,2.144,5.135,PASS,0
IC0165,LOT2026D,168,108.48,4.986,11.552,2.223,5.153,PASS,0
IC0166,LOT2026D,0,108.49,5.038,10.973,2.025,4.993,PASS,0
IC0166,LOT2026D,24,108.49,4.981,11.421,2.072,4.979,PASS,0
IC0166,LOT2026D,96,108.49,5.002,11.881,2.147,5.043,PASS,0
IC0166,LOT2026D,168,108.49,5.0,12.975,2.245,5.147,PASS,0
IC0167,LOT2026D,0,108.85,5.008,10.58,1.837,5.132,PASS,0
IC0167,LOT2026D,24,108.85,5.011,10.983,1.864,5.165,PASS,0
IC0167,LOT2026D,96,108.85,5.006,11.492,2.054,5.19,PASS,0
IC0167,LOT2026D,168,108.85,5.01,12.597,2.115,5.261,PASS,0
IC0168,LOT2026D,0,110.39,5.034,10.524,2.072,5.116,PASS,0
IC0168,LOT2026D,24,110.39,4.982,10.768,2.092,5.183,PASS,0
IC0168,LOT2026D,96,110.39,4.99,11.383,2.24,5.192,PASS,0
IC0168,LOT2026D,168,110.39,5.022,12.356,2.336,5.258,PASS,0
IC0169,LOT2026D,0,108.04,5.025,11.328,1.909,5.219,PASS,0
IC0169,LOT2026D,24,108.04,4.997,11.422,1.968,5.253,PASS,0
IC0169,LOT2026D,96,108.04,4.997,11.725,1.987,5.291,PASS,0
IC0169,LOT2026D,168,108.04,5.004,12.75,2.065,5.33,PASS,0
IC0170,LOT2026D,0,108.94,4.978,11.7,2.056,5.126,PASS,0
IC0170,LOT2026D,24,108.94,4.981,12.037,2.125,5.102,PASS,0
IC0170,LOT2026D,96,108.94,5.003,12.46,2.117,5.209,PASS,0
IC0170,LOT2026D,168,108.94,5.007,13.121,2.248,5.21,PASS,0
IC0171,LOT2026D,0,112.67,5.01,11.67,2.042,5.131,PASS,0
IC0171,LOT2026D,24,112.67,5.009,11.669,2.084,5.175,PASS,0
IC0171,LOT2026D,96,112.67,5.021,13.436,2.231,5.254,PASS,0
IC0171,LOT2026D,168,112.67,5.015,14.122,2.294,5.319,PASS,0
IC0172,LOT2026D,0,109.47,5.017,11.508,1.959,5.192,PASS,1
IC0172,LOT2026D,24,109.47,5.017,11.494,2.028,5.231,PASS,1
IC0172,LOT2026D,96,109.47,5.015,13.68,2.373,5.432,PASS,1
IC0172,LOT2026D,168,109.47,5.004,18.616,3.054,5.804,PASS,1
IC0173,LOT2026D,0,108.41,4.944,11.452,1.859,5.094,PASS,0
IC0173,LOT2026D,24,108.41,4.999,12.118,1.912,5.051,PASS,0
IC0173,LOT2026D,96,108.41,4.989,12.44,2.029,5.128,PASS,0
IC0173,LOT2026D,168,108.41,4.969,12.827,2.023,5.134,PASS,0
IC0174,LOT2026D,0,108.66,5.018,9.975,2.066,4.987,PASS,0
IC0174,LOT2026D,24,108.66,4.985,10.228,2.023,5.013,PASS,0
IC0174,LOT2026D,96,108.66,5.009,10.792,2.113,5.087,PASS,0
IC0174,LOT2026D,168,108.66,5.001,11.486,2.239,5.106,PASS,0
IC0175,LOT2026D,0,109.07,5.037,10.428,1.884,5.092,PASS,0
IC0175,LOT2026D,24,109.07,5.003,10.054,1.846,5.098,PASS,0
IC0175,LOT2026D,96,109.07,4.981,11.363,1.975,5.168,PASS,0
IC0175,LOT2026D,168,109.07,4.988,12.048,2.054,5.196,PASS,0
IC0176,LOT2026D,0,109.03,4.998,10.438,1.879,4.965,PASS,1
IC0176,LOT2026D,24,109.03,5.0,10.638,1.886,5.013,PASS,1
IC0176,LOT2026D,96,109.03,5.015,12.445,2.116,5.168,PASS,1
IC0176,LOT2026D,168,109.03,5.011,16.538,2.719,5.485,PASS,1
IC0177,LOT2026D,0,110.64,4.945,10.422,2.117,5.032,PASS,1
IC0177,LOT2026D,24,110.64,5.023,10.582,2.113,5.043,PASS,1
IC0177,LOT2026D,96,110.64,4.997,12.915,2.527,5.245,PASS,1
IC0177,LOT2026D,168,110.64,5.0,18.807,3.304,5.707,PASS,1
IC0178,LOT2026D,0,108.83,5.015,11.312,2.067,5.098,PASS,0
IC0178,LOT2026D,24,108.83,5.005,11.298,2.038,5.12,PASS,0
IC0178,LOT2026D,96,108.83,5.003,11.763,2.222,5.133,PASS,0
IC0178,LOT2026D,168,108.83,5.057,12.298,2.22,5.187,PASS,0
IC0179,LOT2026D,0,110.45,4.993,11.946,2.11,5.069,PASS,0
IC0179,LOT2026D,24,110.45,4.974,11.994,2.175,5.131,PASS,0
IC0179,LOT2026D,96,110.45,4.983,12.965,2.273,5.245,PASS,0
IC0179,LOT2026D,168,110.45,5.0,14.028,2.387,5.277,PASS,0
IC0180,LOT2026D,0,112.97,4.991,11.036,1.837,4.868,PASS,0
IC0180,LOT2026D,24,112.97,5.019,11.403,1.869,4.868,PASS,0
IC0180,LOT2026D,96,112.97,4.989,12.029,2.018,4.921,PASS,0
IC0180,LOT2026D,168,112.97,4.999,13.078,2.056,4.998,PASS,0
IC0181,LOT2026E,0,136.3,5.024,11.016,1.537,5.218,PASS,0
IC0181,LOT2026E,24,136.3,4.968,11.726,1.701,5.314,PASS,0
IC0181,LOT2026E,96,136.3,5.002,14.937,2.089,5.565,PASS,0
IC0181,LOT2026E,168,136.3,4.976,17.497,2.451,5.819,PASS,0
IC0182,LOT2026E,0,135.27,5.005,9.46,1.379,5.19,PASS,0
IC0182,LOT2026E,24,135.27,5.005,9.868,1.485,5.246,PASS,0
IC0182,LOT2026E,96,135.27,4.971,11.702,1.727,5.444,PASS,0
IC0182,LOT2026E,168,135.27,5.012,13.299,1.86,5.6,PASS,0
IC0183,LOT2026E,0,136.88,4.981,10.681,1.522,5.132,PASS,0
IC0183,LOT2026E,24,136.88,5.007,11.336,1.571,5.213,PASS,0
IC0183,LOT2026E,96,136.88,4.999,14.865,1.971,5.462,PASS,0
IC0183,LOT2026E,168,136.88,5.004,18.391,2.362,5.827,PASS,0
IC0184,LOT2026E,0,133.03,5.011,9.46,1.62,5.416,PASS,0
IC0184,LOT2026E,24,133.03,5.014,9.604,1.7,5.383,PASS,0
IC0184,LOT2026E,96,133.03,4.985,11.262,1.883,5.566,PASS,0
IC0184,LOT2026E,168,133.03,4.999,13.228,2.182,5.758,PASS,0
IC0185,LOT2026E,0,136.27,4.982,10.927,1.394,5.294,PASS,0
IC0185,LOT2026E,24,136.27,4.987,12.244,1.587,5.378,PASS,0
IC0185,LOT2026E,96,136.27,5.007,15.749,1.931,5.7,PASS,0
IC0185,LOT2026E,168,136.27,4.991,19.093,2.359,5.955,PASS,0
IC0186,LOT2026E,0,134.07,5.008,10.013,1.643,5.344,PASS,0
IC0186,LOT2026E,24,134.07,4.969,11.168,1.675,5.47,PASS,0
IC0186,LOT2026E,96,134.07,5.022,13.46,1.962,5.688,PASS,0
IC0186,LOT2026E,168,134.07,4.995,16.032,2.271,5.883,PASS,0
IC0187,LOT2026E,0,134.55,4.975,9.647,1.583,5.318,PASS,0
IC0187,LOT2026E,24,134.55,4.981,10.759,1.674,5.365,PASS,0
IC0187,LOT2026E,96,134.55,5.022,12.539,1.971,5.573,PASS,0
IC0187,LOT2026E,168,134.55,4.998,14.662,2.198,5.739,PASS,0
IC0188,LOT2026E,0,134.74,4.985,10.82,1.295,5.389,PASS,0
IC0188,LOT2026E,24,134.74,5.008,11.249,1.409,5.425,PASS,0
IC0188,LOT2026E,96,134.74,4.979,13.134,1.65,5.643,PASS,0
IC0188,LOT2026E,168,134.74,5.022,15.559,1.82,5.804,PASS,0
IC0189,LOT2026E,0,133.9,4.996,10.037,1.551,5.241,PASS,0
IC0189,LOT2026E,24,133.9,4.986,11.09,1.562,5.356,PASS,0
IC0189,LOT2026E,96,133.9,4.994,13.546,1.931,5.614,PASS,0
IC0189,LOT2026E,168,133.9,5.017,16.152,2.243,5.81,PASS,0
IC0190,LOT2026E,0,133.97,5.041,9.477,1.45,5.265,PASS,1
IC0190,LOT2026E,24,133.97,5.01,9.904,1.455,5.315,PASS,1
IC0190,LOT2026E,96,133.97,4.98,14.405,2.093,5.73,PASS,1
IC0190,LOT2026E,168,133.97,5.001,25.291,3.351,6.812,PASS,1
IC0191,LOT2026E,0,133.78,5.012,10.703,1.513,5.294,PASS,0
IC0191,LOT2026E,24,133.78,5.003,11.449,1.556,5.342,PASS,0
IC0191,LOT2026E,96,133.78,5.03,13.607,1.806,5.509,PASS,0
IC0191,LOT2026E,168,133.78,4.981,16.166,2.074,5.724,PASS,0
IC0192,LOT2026E,0,135.02,4.943,10.109,1.409,5.237,PASS,0
IC0192,LOT2026E,24,135.02,5.032,11.178,1.429,5.318,PASS,0
IC0192,LOT2026E,96,135.02,4.998,13.318,1.687,5.559,PASS,0
IC0192,LOT2026E,168,135.02,4.987,15.756,1.989,5.715,PASS,0
IC0193,LOT2026E,0,135.74,4.978,9.67,1.297,5.241,PASS,0
IC0193,LOT2026E,24,135.74,4.991,10.905,1.423,5.35,PASS,0
IC0193,LOT2026E,96,135.74,5.028,12.759,1.588,5.575,PASS,0
IC0193,LOT2026E,168,135.74,4.999,14.15,1.761,5.704,PASS,0
IC0194,LOT2026E,0,139.49,5.007,9.375,1.555,5.342,PASS,0
IC0194,LOT2026E,24,139.49,4.977,10.559,1.685,5.415,PASS,0
IC0194,LOT2026E,96,139.49,4.981,12.625,1.958,5.635,PASS,0
IC0194,LOT2026E,168,139.49,4.98,14.712,2.237,5.845,PASS,0
IC0195,LOT2026E,0,134.41,5.018,9.282,1.546,5.367,PASS,0
IC0195,LOT2026E,24,134.41,5.008,10.18,1.596,5.436,PASS,0
IC0195,LOT2026E,96,134.41,5.007,12.476,1.97,5.646,PASS,0
IC0195,LOT2026E,168,134.41,5.041,15.096,2.253,5.9,PASS,0
IC0196,LOT2026E,0,134.06,5.021,9.952,1.469,5.328,PASS,0
IC0196,LOT2026E,24,134.06,4.982,11.281,1.558,5.388,PASS,0
IC0196,LOT2026E,96,134.06,5.016,13.833,1.896,5.678,PASS,0
IC0196,LOT2026E,168,134.06,5.005,16.79,2.154,5.911,PASS,0
IC0197,LOT2026E,0,135.78,5.017,10.371,1.591,5.305,PASS,0
IC0197,LOT2026E,24,135.78,4.963,11.58,1.709,5.397,PASS,0
IC0197,LOT2026E,96,135.78,4.969,14.326,1.991,5.691,PASS,0
IC0197,LOT2026E,168,135.78,5.008,17.001,2.351,5.902,PASS,0
IC0198,LOT2026E,0,133.58,4.985,10.09,1.626,5.454,PASS,0
IC0198,LOT2026E,24,133.58,4.984,10.183,1.682,5.446,PASS,0
IC0198,LOT2026E,96,133.58,5.003,11.748,1.912,5.645,PASS,0
IC0198,LOT2026E,168,133.58,4.979,13.361,2.093,5.747,PASS,0
IC0199,LOT2026E,0,135.74,4.987,10.049,1.535,5.332,PASS,0
IC0199,LOT2026E,24,135.74,4.984,10.896,1.671,5.487,PASS,0
IC0199,LOT2026E,96,135.74,5.006,13.988,1.995,5.741,PASS,0
IC0199,LOT2026E,168,135.74,5.018,17.294,2.339,6.056,PASS,0
IC0200,LOT2026E,0,135.47,5.01,10.751,1.511,5.327,PASS,0
IC0200,LOT2026E,24,135.47,4.983,11.799,1.672,5.408,PASS,0
IC0200,LOT2026E,96,135.47,4.991,14.696,1.905,5.621,PASS,0
IC0200,LOT2026E,168,135.47,4.994,17.002,2.248,5.879,PASS,0
IC0201,LOT2026E,0,135.44,5.002,11.44,1.476,5.417,PASS,1
IC0201,LOT2026E,24,135.44,5.02,11.74,1.504,5.454,PASS,1
IC0201,LOT2026E,96,135.44,5.031,18.271,2.17,6.032,PASS,1
IC0201,LOT2026E,168,135.44,4.995,34.687,3.862,7.412,PASS,1
IC0202,LOT2026E,0,137.41,4.994,9.511,1.316,5.241,PASS,0
IC0202,LOT2026E,24,137.41,5.023,9.696,1.435,5.278,PASS,0
IC0202,LOT2026E,96,137.41,5.016,11.914,1.628,5.485,PASS,0
IC0202,LOT2026E,168,137.41,4.967,14.237,1.973,5.742,PASS,0
IC0203,LOT2026E,0,135.92,4.986,10.739,1.523,5.172,PASS,0
IC0203,LOT2026E,24,135.92,5.006,11.797,1.67,5.232,PASS,0
IC0203,LOT2026E,96,135.92,4.988,14.175,1.831,5.453,PASS,0
IC0203,LOT2026E,168,135.92,4.973,16.401,2.132,5.668,PASS,0
IC0204,LOT2026E,0,136.09,5.035,10.206,1.646,5.212,PASS,0
IC0204,LOT2026E,24,136.09,5.025,10.883,1.768,5.266,PASS,0
IC0204,LOT2026E,96,136.09,4.979,14.273,2.172,5.59,PASS,0
IC0204,LOT2026E,168,136.09,5.03,17.302,2.59,5.914,PASS,0
IC0205,LOT2026E,0,135.56,5.018,10.578,1.474,5.257,PASS,0
IC0205,LOT2026E,24,135.56,5.028,11.635,1.568,5.314,PASS,0
IC0205,LOT2026E,96,135.56,4.98,14.397,1.948,5.54,PASS,0
IC0205,LOT2026E,168,135.56,4.989,16.972,2.116,5.788,PASS,0
IC0206,LOT2026E,0,136.18,5.001,10.038,1.433,5.313,PASS,0
IC0206,LOT2026E,24,136.18,5.009,11.199,1.528,5.414,PASS,0
IC0206,LOT2026E,96,136.18,4.992,13.802,1.802,5.63,PASS,0
IC0206,LOT2026E,168,136.18,4.98,16.157,2.15,5.873,PASS,0
IC0207,LOT2026E,0,136.02,4.986,10.605,1.444,5.351,PASS,0
IC0207,LOT2026E,24,136.02,4.977,11.131,1.517,5.41,PASS,0
IC0207,LOT2026E,96,136.02,5.003,12.728,1.732,5.552,PASS,0
IC0207,LOT2026E,168,136.02,5.033,15.303,1.914,5.77,PASS,0
IC0208,LOT2026E,0,137.57,5.005,10.689,1.56,5.207,PASS,0
IC0208,LOT2026E,24,137.57,5.05,11.797,1.651,5.331,PASS,0
IC0208,LOT2026E,96,137.57,5.027,14.44,1.982,5.546,PASS,0
IC0208,LOT2026E,168,137.57,4.993,17.11,2.29,5.767,PASS,0
IC0209,LOT2026E,0,132.65,5.03,10.676,1.648,5.283,PASS,0
IC0209,LOT2026E,24,132.65,5.016,11.012,1.71,5.313,PASS,0
IC0209,LOT2026E,96,132.65,5.019,13.228,1.988,5.532,PASS,0
IC0209,LOT2026E,168,132.65,4.986,16.011,2.311,5.754,PASS,0
IC0210,LOT2026E,0,135.43,5.005,9.783,1.69,5.391,PASS,0
IC0210,LOT2026E,24,135.43,5.029,10.825,1.773,5.445,PASS,0
IC0210,LOT2026E,96,135.43,5.001,13.276,2.145,5.712,PASS,0
IC0210,LOT2026E,168,135.43,4.966,16.645,2.545,6.01,PASS,0
IC0211,LOT2026E,0,134.27,5.0,11.08,1.474,4.944,PASS,1
IC0211,LOT2026E,24,134.27,5.012,11.811,1.691,5.004,PASS,1
IC0211,LOT2026E,96,134.27,5.023,19.977,2.644,5.72,PASS,1
IC0211,LOT2026E,168,134.27,5.001,34.671,4.247,6.834,PASS,1
IC0212,LOT2026E,0,135.59,5.008,9.208,1.595,5.328,PASS,0
IC0212,LOT2026E,24,135.59,4.998,10.258,1.748,5.451,PASS,0
IC0212,LOT2026E,96,135.59,4.989,12.849,2.07,5.704,PASS,0
IC0212,LOT2026E,168,135.59,4.99,15.319,2.41,5.936,PASS,0
IC0213,LOT2026E,0,132.53,5.031,10.262,1.52,5.314,PASS,0
IC0213,LOT2026E,24,132.53,4.993,11.134,1.603,5.445,PASS,0
IC0213,LOT2026E,96,132.53,5.005,12.966,1.846,5.609,PASS,0
IC0213,LOT2026E,168,132.53,5.023,14.392,1.973,5.719,PASS,0
IC0214,LOT2026E,0,135.9,5.008,10.072,1.456,5.238,PASS,0
IC0214,LOT2026E,24,135.9,4.991,10.892,1.531,5.387,PASS,0
IC0214,LOT2026E,96,135.9,5.0,13.778,1.824,5.644,PASS,0
IC0214,LOT2026E,168,135.9,4.989,16.465,2.133,5.848,PASS,0
IC0215,LOT2026E,0,136.72,4.964,9.085,1.324,5.297,PASS,0
IC0215,LOT2026E,24,136.72,5.013,10.095,1.417,5.357,PASS,0
IC0215,LOT2026E,96,136.72,4.985,12.006,1.535,5.507,PASS,0
IC0215,LOT2026E,168,136.72,5.023,13.925,1.817,5.759,PASS,0
IC0216,LOT2026E,0,133.69,4.993,10.475,1.44,5.313,PASS,0
IC0216,LOT2026E,24,133.69,5.003,11.29,1.609,5.36,PASS,0
IC0216,LOT2026E,96,133.69,5.051,14.218,1.864,5.637,PASS,0
IC0216,LOT2026E,168,133.69,4.988,16.696,2.149,5.873,PASS,0
IC0217,LOT2026E,0,134.58,5.023,9.132,1.391,5.27,PASS,0
IC0217,LOT2026E,24,134.58,5.008,9.595,1.493,5.262,PASS,0
IC0217,LOT2026E,96,134.58,4.991,11.191,1.621,5.442,PASS,0
IC0217,LOT2026E,168,134.58,4.992,12.695,1.84,5.572,PASS,0
IC0218,LOT2026E,0,133.56,5.005,10.235,1.499,5.195,PASS,0
IC0218,LOT2026E,24,133.56,4.973,10.743,1.55,5.248,PASS,0
IC0218,LOT2026E,96,133.56,5.019,12.678,1.717,5.453,PASS,0
IC0218,LOT2026E,168,133.56,5.004,14.851,2.016,5.624,PASS,0
IC0219,LOT2026E,0,135.3,5.0,9.473,1.493,5.118,PASS,0
IC0219,LOT2026E,24,135.3,5.029,11.033,1.672,5.25,PASS,0
IC0219,LOT2026E,96,135.3,5.013,13.888,2.058,5.543,PASS,0
IC0219,LOT2026E,168,135.3,5.0,16.667,2.37,5.81,PASS,0
IC0220,LOT2026E,0,136.71,4.994,11.022,1.627,5.344,PASS,0
IC0220,LOT2026E,24,136.71,5.049,12.121,1.841,5.478,PASS,0
IC0220,LOT2026E,96,136.71,4.99,14.777,2.061,5.735,PASS,0
IC0220,LOT2026E,168,136.71,4.993,17.538,2.436,5.96,PASS,0
IC0221,LOT2026E,0,134.92,5.04,10.131,1.637,5.443,PASS,0
IC0221,LOT2026E,24,134.92,5.033,10.883,1.695,5.489,PASS,0
IC0221,LOT2026E,96,134.92,4.997,12.774,1.929,5.644,PASS,0
IC0221,LOT2026E,168,134.92,4.983,14.697,2.135,5.817,PASS,0
IC0222,LOT2026E,0,136.07,5.009,11.058,1.696,5.303,PASS,1
IC0222,LOT2026E,24,136.07,4.976,11.984,1.865,5.441,PASS,1
IC0222,LOT2026E,96,136.07,5.012,19.173,2.69,6.032,PASS,1
IC0222,LOT2026E,168,136.07,5.0,30.511,4.019,6.966,PASS,1
IC0223,LOT2026E,0,132.62,5.024,9.2,1.425,5.282,PASS,0
IC0223,LOT2026E,24,132.62,5.064,9.972,1.428,5.401,PASS,0
IC0223,LOT2026E,96,132.62,4.996,11.309,1.559,5.526,PASS,0
IC0223,LOT2026E,168,132.62,5.025,12.563,1.818,5.639,PASS,0
IC0224,LOT2026E,0,134.39,5.009,9.297,1.687,5.305,PASS,0
IC0224,LOT2026E,24,134.39,5.0,9.901,1.772,5.363,PASS,0
IC0224,LOT2026E,96,134.39,4.985,11.778,2.03,5.504,PASS,0
IC0224,LOT2026E,168,134.39,5.011,13.922,2.368,5.694,PASS,0
IC0225,LOT2026E,0,134.76,5.004,9.846,1.519,5.214,PASS,0
IC0225,LOT2026E,24,134.76,4.999,10.455,1.575,5.298,PASS,0
IC0225,LOT2026E,96,134.76,4.98,12.381,1.755,5.481,PASS,0
IC0225,LOT2026E,168,134.76,5.014,14.314,2.103,5.631,PASS,0
IC0226,LOT2026F,0,107.98,4.976,9.958,2.07,4.86,PASS,0
IC0226,LOT2026F,24,107.98,4.979,10.149,2.143,4.873,PASS,0
IC0226,LOT2026F,96,107.98,5.003,10.72,2.17,4.9,PASS,0
IC0226,LOT2026F,168,107.98,5.014,11.29,2.277,4.973,PASS,0
IC0227,LOT2026F,0,108.27,5.041,9.799,1.963,4.746,PASS,0
IC0227,LOT2026F,24,108.27,4.978,10.256,1.861,4.786,PASS,0
IC0227,LOT2026F,96,108.27,5.036,10.811,2.045,4.846,PASS,0
IC0227,LOT2026F,168,108.27,4.99,11.657,2.072,4.876,PASS,0
IC0228,LOT2026F,0,110.7,5.006,11.258,2.09,4.836,PASS,0
IC0228,LOT2026F,24,110.7,4.986,11.617,2.223,4.85,PASS,0
IC0228,LOT2026F,96,110.7,5.009,12.437,2.272,4.871,PASS,0
IC0228,LOT2026F,168,110.7,4.991,13.145,2.364,4.942,PASS,0
IC0229,LOT2026F,0,113.0,4.997,11.461,2.147,4.847,PASS,0
IC0229,LOT2026F,24,113.0,5.0,11.674,2.086,4.877,PASS,0
IC0229,LOT2026F,96,113.0,5.033,11.783,2.204,4.933,PASS,0
IC0229,LOT2026F,168,113.0,4.991,13.067,2.308,4.975,PASS,0
IC0230,LOT2026F,0,109.23,5.035,10.217,1.764,4.967,PASS,0
IC0230,LOT2026F,24,109.23,5.02,10.372,1.833,4.976,PASS,0
IC0230,LOT2026F,96,109.23,5.032,11.112,1.922,5.036,PASS,0
IC0230,LOT2026F,168,109.23,5.042,11.973,1.932,5.102,PASS,0
IC0231,LOT2026F,0,111.99,5.001,9.637,1.895,4.75,PASS,0
IC0231,LOT2026F,24,111.99,4.971,9.634,2.011,4.818,PASS,0
IC0231,LOT2026F,96,111.99,4.997,10.651,2.188,4.856,PASS,0
IC0231,LOT2026F,168,111.99,4.997,11.196,2.252,4.919,PASS,0
IC0232,LOT2026F,0,111.27,5.028,11.071,1.934,4.849,PASS,0
IC0232,LOT2026F,24,111.27,5.024,11.485,1.947,4.886,PASS,0
IC0232,LOT2026F,96,111.27,5.0,12.173,2.103,4.958,PASS,0
IC0232,LOT2026F,168,111.27,4.994,12.977,2.152,5.047,PASS,0
IC0233,LOT2026F,0,110.03,4.998,11.18,2.008,4.861,PASS,0
IC0233,LOT2026F,24,110.03,4.974,11.387,2.035,4.859,PASS,0
IC0233,LOT2026F,96,110.03,4.99,11.782,2.135,4.894,PASS,0
IC0233,LOT2026F,168,110.03,4.99,12.766,2.237,4.931,PASS,0
IC0234,LOT2026F,0,112.72,4.978,11.054,1.949,4.928,PASS,0
IC0234,LOT2026F,24,112.72,4.987,11.127,2.039,4.945,PASS,0
IC0234,LOT2026F,96,112.72,4.998,12.131,2.195,5.063,PASS,0
IC0234,LOT2026F,168,112.72,5.062,13.443,2.275,5.138,PASS,0
IC0235,LOT2026F,0,109.82,5.006,11.095,2.106,4.98,PASS,0
IC0235,LOT2026F,24,109.82,4.983,11.068,2.082,5.018,PASS,0
IC0235,LOT2026F,96,109.82,4.977,11.846,2.229,5.068,PASS,0
IC0235,LOT2026F,168,109.82,4.989,12.128,2.333,5.156,PASS,0
IC0236,LOT2026F,0,112.36,5.025,10.599,1.923,4.772,PASS,0
IC0236,LOT2026F,24,112.36,5.011,10.712,2.065,4.809,PASS,0
IC0236,LOT2026F,96,112.36,4.982,11.961,2.188,4.884,PASS,0
IC0236,LOT2026F,168,112.36,4.99,12.356,2.316,4.97,PASS,0
IC0237,LOT2026F,0,110.42,4.968,12.37,1.998,4.804,PASS,0
IC0237,LOT2026F,24,110.42,5.001,12.68,1.993,4.881,PASS,0
IC0237,LOT2026F,96,110.42,4.98,13.555,2.191,4.916,PASS,0
IC0237,LOT2026F,168,110.42,5.0,14.737,2.297,5.016,PASS,0
IC0238,LOT2026F,0,110.57,5.022,10.408,2.256,4.809,PASS,0
IC0238,LOT2026F,24,110.57,4.993,10.483,2.261,4.835,PASS,0
IC0238,LOT2026F,96,110.57,5.012,10.923,2.325,4.924,PASS,0
IC0238,LOT2026F,168,110.57,5.003,11.563,2.452,4.925,PASS,0
IC0239,LOT2026F,0,107.34,5.03,11.02,2.061,4.909,PASS,0
IC0239,LOT2026F,24,107.34,4.972,11.354,2.089,4.883,PASS,0
IC0239,LOT2026F,96,107.34,5.023,12.262,2.256,4.945,PASS,0
IC0239,LOT2026F,168,107.34,4.981,12.774,2.313,5.022,PASS,0
IC0240,LOT2026F,0,110.04,4.98,9.803,2.037,4.935,PASS,0
IC0240,LOT2026F,24,110.04,4.997,9.88,1.99,4.98,PASS,0
IC0240,LOT2026F,96,110.04,4.947,10.826,2.135,5.031,PASS,0
IC0240,LOT2026F,168,110.04,4.977,11.47,2.279,5.093,PASS,0
IC0241,LOT2026F,0,111.86,5.016,10.647,1.948,4.909,PASS,0
IC0241,LOT2026F,24,111.86,4.998,10.938,1.961,4.931,PASS,0
IC0241,LOT2026F,96,111.86,4.991,11.582,2.07,4.945,PASS,0
IC0241,LOT2026F,168,111.86,5.007,11.975,2.108,4.983,PASS,0
IC0242,LOT2026F,0,109.97,5.002,10.549,2.022,4.91,PASS,0
IC0242,LOT2026F,24,109.97,5.029,10.652,2.054,4.958,PASS,0
IC0242,LOT2026F,96,109.97,4.965,11.377,2.178,4.953,PASS,0
IC0242,LOT2026F,168,109.97,4.995,12.043,2.216,5.022,PASS,0
IC0243,LOT2026F,0,109.68,5.02,10.36,1.952,4.992,PASS,0
IC0243,LOT2026F,24,109.68,4.961,10.42,2.006,5.029,PASS,0
IC0243,LOT2026F,96,109.68,5.025,11.457,2.133,5.135,PASS,0
IC0243,LOT2026F,168,109.68,5.019,12.543,2.263,5.163,PASS,0
IC0244,LOT2026F,0,109.16,4.977,10.82,1.889,4.874,PASS,0
IC0244,LOT2026F,24,109.16,5.015,11.014,1.967,4.932,PASS,0
IC0244,LOT2026F,96,109.16,5.018,11.563,2.044,4.976,PASS,0
IC0244,LOT2026F,168,109.16,4.994,12.109,2.029,4.984,PASS,0
IC0245,LOT2026F,0,111.73,5.014,11.651,1.816,4.995,PASS,0
IC0245,LOT2026F,24,111.73,5.034,11.931,1.902,5.005,PASS,0
IC0245,LOT2026F,96,111.73,4.995,12.545,1.981,5.034,PASS,0
IC0245,LOT2026F,168,111.73,4.995,13.496,2.102,5.139,PASS,0
IC0246,LOT2026F,0,109.32,4.993,10.79,2.051,4.714,PASS,0
IC0246,LOT2026F,24,109.32,4.977,10.77,2.076,4.776,PASS,0
IC0246,LOT2026F,96,109.32,4.968,11.686,2.178,4.777,PASS,0
IC0246,LOT2026F,168,109.32,5.008,12.255,2.275,4.883,PASS,0
IC0247,LOT2026F,0,109.79,4.988,10.813,2.12,4.918,PASS,0
IC0247,LOT2026F,24,109.79,5.025,10.706,2.12,4.889,PASS,0
IC0247,LOT2026F,96,109.79,5.014,11.533,2.276,4.983,PASS,0
IC0247,LOT2026F,168,109.79,4.987,12.371,2.379,5.058,PASS,0
IC0248,LOT2026F,0,106.25,4.997,10.112,2.037,4.863,PASS,0
IC0248,LOT2026F,24,106.25,4.998,10.52,2.044,4.877,PASS,0
IC0248,LOT2026F,96,106.25,5.007,10.893,2.115,4.932,PASS,0
IC0248,LOT2026F,168,106.25,4.996,11.372,2.169,4.99,PASS,0
IC0249,LOT2026F,0,109.52,4.984,10.709,2.063,4.925,PASS,0
IC0249,LOT2026F,24,109.52,4.991,11.046,2.081,4.967,PASS,0
IC0249,LOT2026F,96,109.52,4.992,11.82,2.261,5.042,PASS,0
IC0249,LOT2026F,168,109.52,5.049,12.946,2.316,5.119,PASS,0
IC0250,LOT2026F,0,105.94,4.976,10.565,1.932,4.859,PASS,0
IC0250,LOT2026F,24,105.94,4.992,11.123,1.932,4.855,PASS,0
IC0250,LOT2026F,96,105.94,4.972,11.586,2.043,4.868,PASS,0
IC0250,LOT2026F,168,105.94,4.978,11.652,2.026,4.945,PASS,0
IC0251,LOT2026F,0,112.24,4.993,11.678,1.973,4.894,PASS,0
IC0251,LOT2026F,24,112.24,5.032,11.984,2.071,4.897,PASS,0
IC0251,LOT2026F,96,112.24,5.016,12.672,2.075,4.958,PASS,0
IC0251,LOT2026F,168,112.24,4.984,13.546,2.174,5.022,PASS,0
IC0252,LOT2026F,0,108.51,5.009,10.289,1.957,4.866,PASS,1
IC0252,LOT2026F,24,108.51,4.965,10.335,1.97,4.934,PASS,1
IC0252,LOT2026F,96,108.51,5.012,12.357,2.309,5.062,PASS,1
IC0252,LOT2026F,168,108.51,4.98,16.943,3.008,5.45,PASS,1
IC0253,LOT2026F,0,107.95,5.0,11.713,1.926,5.003,PASS,0
IC0253,LOT2026F,24,107.95,5.012,11.947,1.952,4.987,PASS,0
IC0253,LOT2026F,96,107.95,5.035,12.697,2.045,5.039,PASS,0
IC0253,LOT2026F,168,107.95,5.028,13.658,2.168,5.127,PASS,0
IC0254,LOT2026F,0,109.47,4.977,10.71,2.201,4.862,PASS,0
IC0254,LOT2026F,24,109.47,5.031,10.538,2.24,4.864,PASS,0
IC0254,LOT2026F,96,109.47,4.993,11.393,2.332,4.982,PASS,0
IC0254,LOT2026F,168,109.47,4.988,11.822,2.459,4.979,PASS,0
IC0255,LOT2026F,0,111.12,5.03,10.543,2.068,4.786,PASS,0
IC0255,LOT2026F,24,111.12,5.013,10.958,2.081,4.845,PASS,0
IC0255,LOT2026F,96,111.12,4.992,11.713,2.176,4.91,PASS,0
IC0255,LOT2026F,168,111.12,5.005,12.216,2.313,4.933,PASS,0
IC0256,LOT2026F,0,110.07,5.023,10.761,2.03,4.883,PASS,1
IC0256,LOT2026F,24,110.07,4.995,10.254,2.019,4.869,PASS,1
IC0256,LOT2026F,96,110.07,5.0,13.774,2.452,5.156,PASS,1
IC0256,LOT2026F,168,110.07,5.035,19.181,3.376,5.615,PASS,1
IC0257,LOT2026F,0,108.81,5.038,10.67,2.026,4.86,PASS,0
IC0257,LOT2026F,24,108.81,4.98,11.159,2.011,4.855,PASS,0
IC0257,LOT2026F,96,108.81,4.974,12.202,2.113,4.895,PASS,0
IC0257,LOT2026F,168,108.81,4.988,12.353,2.157,4.942,PASS,0
IC0258,LOT2026F,0,110.22,4.99,9.712,2.14,4.844,PASS,0
IC0258,LOT2026F,24,110.22,5.016,10.097,2.097,4.873,PASS,0
IC0258,LOT2026F,96,110.22,4.979,10.606,2.247,4.924,PASS,0
IC0258,LOT2026F,168,110.22,4.972,11.385,2.311,4.971,PASS,0
IC0259,LOT2026F,0,111.41,5.009,10.504,1.956,4.858,PASS,1
IC0259,LOT2026F,24,111.41,5.001,11.09,1.93,4.899,PASS,1
IC0259,LOT2026F,96,111.41,5.043,14.278,2.402,5.175,PASS,1
IC0259,LOT2026F,168,111.41,4.993,19.701,3.202,5.61,PASS,1
IC0260,LOT2026F,0,108.04,5.004,11.374,1.854,4.836,PASS,0
IC0260,LOT2026F,24,108.04,5.029,11.901,1.889,4.87,PASS,0
IC0260,LOT2026F,96,108.04,4.998,12.303,1.952,4.91,PASS,0
IC0260,LOT2026F,168,108.04,5.003,12.682,2.023,4.963,PASS,0
IC0261,LOT2026F,0,111.8,4.999,12.135,2.118,4.982,PASS,0
IC0261,LOT2026F,24,111.8,4.953,12.263,2.095,4.994,PASS,0
IC0261,LOT2026F,96,111.8,5.006,12.947,2.245,5.089,PASS,0
IC0261,LOT2026F,168,111.8,5.004,13.543,2.406,5.137,PASS,0
IC0262,LOT2026F,0,112.14,4.989,10.374,1.936,5.019,PASS,0
IC0262,LOT2026F,24,112.14,4.978,10.164,1.991,5.019,PASS,0
IC0262,LOT2026F,96,112.14,5.007,11.256,2.145,5.09,PASS,0
IC0262,LOT2026F,168,112.14,4.994,12.339,2.352,5.208,PASS,0
IC0263,LOT2026F,0,108.43,4.968,10.689,2.076,4.72,PASS,0
IC0263,LOT2026F,24,108.43,4.992,11.057,2.053,4.762,PASS,0
IC0263,LOT2026F,96,108.43,5.01,11.928,2.2,4.868,PASS,0
IC0263,LOT2026F,168,108.43,4.988,12.718,2.342,4.926,PASS,0
IC0264,LOT2026F,0,111.15,4.992,10.777,2.212,4.976,PASS,0
IC0264,LOT2026F,24,111.15,5.022,10.809,2.207,4.973,PASS,0
IC0264,LOT2026F,96,111.15,5.04,11.679,2.328,5.001,PASS,0
IC0264,LOT2026F,168,111.15,5.005,12.421,2.429,5.12,PASS,0
IC0265,LOT2026F,0,111.5,5.001,11.412,2.157,4.936,PASS,1
IC0265,LOT2026F,24,111.5,5.032,11.316,2.259,4.935,PASS,1
IC0265,LOT2026F,96,111.5,5.008,13.939,2.543,5.126,PASS,1
IC0265,LOT2026F,168,111.5,5.024,17.706,3.181,5.426,PASS,1
IC0266,LOT2026F,0,106.58,4.998,11.128,2.009,4.817,PASS,0
IC0266,LOT2026F,24,106.58,4.979,11.218,2.027,4.811,PASS,0
IC0266,LOT2026F,96,106.58,5.025,12.157,2.084,4.873,PASS,0
IC0266,LOT2026F,168,106.58,5.025,12.837,2.21,4.937,PASS,0
IC0267,LOT2026F,0,108.01,5.02,11.203,2.131,4.836,PASS,0
IC0267,LOT2026F,24,108.01,5.004,11.293,2.093,4.866,PASS,0
IC0267,LOT2026F,96,108.01,5.003,11.619,2.153,4.911,PASS,0
IC0267,LOT2026F,168,108.01,4.992,12.243,2.271,4.949,PASS,0
IC0268,LOT2026F,0,108.8,4.989,10.235,2.028,4.855,PASS,0
IC0268,LOT2026F,24,108.8,4.982,10.657,1.963,4.915,PASS,0
IC0268,LOT2026F,96,108.8,5.011,11.072,2.063,4.972,PASS,0
IC0268,LOT2026F,168,108.8,5.024,11.749,2.15,5.001,PASS,0
IC0269,LOT2026F,0,110.2,5.007,11.793,2.094,4.875,PASS,0
IC0269,LOT2026F,24,110.2,4.973,12.252,2.155,4.912,PASS,0
IC0269,LOT2026F,96,110.2,4.99,13.145,2.279,4.979,PASS,0
IC0269,LOT2026F,168,110.2,5.012,14.394,2.436,5.058,PASS,0
IC0270,LOT2026F,0,110.11,4.989,10.574,2.068,4.818,PASS,0
IC0270,LOT2026F,24,110.11,4.986,10.687,2.103,4.831,PASS,0
IC0270,LOT2026F,96,110.11,5.017,11.62,2.199,4.901,PASS,0
IC0270,LOT2026F,168,110.11,4.99,12.697,2.353,4.994,PASS,0
IC0271,LOT2026G,0,106.49,4.998,8.352,2.287,4.989,PASS,1
IC0271,LOT2026G,24,106.49,5.028,8.562,2.375,5.005,PASS,1
IC0271,LOT2026G,96,106.49,4.992,9.743,2.6,5.161,PASS,1
IC0271,LOT2026G,168,106.49,5.037,12.174,3.054,5.4,PASS,1
IC0272,LOT2026G,0,110.71,5.023,9.831,2.314,4.981,PASS,0
IC0272,LOT2026G,24,110.71,4.969,9.616,2.393,5.013,PASS,0
IC0272,LOT2026G,96,110.71,5.021,10.319,2.535,5.066,PASS,0
IC0272,LOT2026G,168,110.71,4.983,10.986,2.625,5.155,PASS,0
IC0273,LOT2026G,0,110.41,4.999,8.965,2.218,5.117,PASS,0
IC0273,LOT2026G,24,110.41,4.994,9.323,2.222,5.127,PASS,0
IC0273,LOT2026G,96,110.41,4.99,10.269,2.423,5.221,PASS,0
IC0273,LOT2026G,168,110.41,4.994,10.655,2.575,5.28,PASS,0
IC0274,LOT2026G,0,106.16,5.001,8.46,2.377,5.206,PASS,0
IC0274,LOT2026G,24,106.16,5.027,8.67,2.51,5.201,PASS,0
IC0274,LOT2026G,96,106.16,4.975,9.014,2.535,5.232,PASS,0
IC0274,LOT2026G,168,106.16,4.963,9.594,2.653,5.313,PASS,0
IC0275,LOT2026G,0,111.93,5.003,8.92,2.305,5.137,PASS,0
IC0275,LOT2026G,24,111.93,4.992,9.031,2.383,5.18,PASS,0
IC0275,LOT2026G,96,111.93,4.991,10.258,2.532,5.279,PASS,0
IC0275,LOT2026G,168,111.93,5.012,11.165,2.733,5.382,PASS,0
IC0276,LOT2026G,0,107.93,5.002,8.58,2.227,5.037,PASS,0
IC0276,LOT2026G,24,107.93,5.004,8.975,2.263,5.086,PASS,0
IC0276,LOT2026G,96,107.93,4.985,9.201,2.313,5.113,PASS,0
IC0276,LOT2026G,168,107.93,5.018,9.475,2.444,5.174,PASS,0
IC0277,LOT2026G,0,108.85,4.945,9.239,2.236,5.235,PASS,0
IC0277,LOT2026G,24,108.85,5.018,9.522,2.289,5.25,PASS,0
IC0277,LOT2026G,96,108.85,4.994,9.744,2.415,5.3,PASS,0
IC0277,LOT2026G,168,108.85,5.004,10.597,2.538,5.389,PASS,0
IC0278,LOT2026G,0,110.31,4.98,8.498,2.346,5.101,PASS,0
IC0278,LOT2026G,24,110.31,5.023,8.554,2.328,5.082,PASS,0
IC0278,LOT2026G,96,110.31,4.998,8.873,2.459,5.134,PASS,0
IC0278,LOT2026G,168,110.31,5.0,9.578,2.612,5.245,PASS,0
IC0279,LOT2026G,0,106.49,5.007,8.479,2.324,4.994,PASS,0
IC0279,LOT2026G,24,106.49,5.009,8.755,2.327,5.001,PASS,0
IC0279,LOT2026G,96,106.49,5.004,9.023,2.42,5.046,PASS,0
IC0279,LOT2026G,168,106.49,5.013,9.166,2.474,5.092,PASS,0
IC0280,LOT2026G,0,108.47,5.009,8.845,2.01,5.076,PASS,0
IC0280,LOT2026G,24,108.47,4.996,9.441,2.047,5.06,PASS,0
IC0280,LOT2026G,96,108.47,4.995,9.629,2.092,5.159,PASS,0
IC0280,LOT2026G,168,108.47,4.957,10.4,2.169,5.203,PASS,0
IC0281,LOT2026G,0,109.17,5.006,9.014,2.306,5.03,PASS,0
IC0281,LOT2026G,24,109.17,4.997,9.445,2.306,5.087,PASS,0
IC0281,LOT2026G,96,109.17,5.009,9.552,2.324,5.126,PASS,0
IC0281,LOT2026G,168,109.17,5.008,10.186,2.544,5.157,PASS,0
IC0282,LOT2026G,0,110.89,4.974,10.297,2.322,5.07,PASS,0
IC0282,LOT2026G,24,110.89,4.988,10.212,2.238,5.067,PASS,0
IC0282,LOT2026G,96,110.89,5.015,11.106,2.346,5.115,PASS,0
IC0282,LOT2026G,168,110.89,5.013,11.565,2.471,5.181,PASS,0
IC0283,LOT2026G,0,111.13,4.99,9.204,2.214,5.231,PASS,0
IC0283,LOT2026G,24,111.13,5.011,9.336,2.272,5.278,PASS,0
IC0283,LOT2026G,96,111.13,5.0,10.148,2.364,5.324,PASS,0
IC0283,LOT2026G,168,111.13,5.0,10.796,2.525,5.418,PASS,0
IC0284,LOT2026G,0,111.63,4.981,9.625,2.293,5.013,PASS,0
IC0284,LOT2026G,24,111.63,4.974,9.929,2.343,4.986,PASS,0
IC0284,LOT2026G,96,111.63,5.005,10.205,2.429,5.047,PASS,0
IC0284,LOT2026G,168,111.63,5.015,11.002,2.535,5.063,PASS,0
IC0285,LOT2026G,0,109.75,5.027,8.442,2.403,5.103,PASS,0
IC0285,LOT2026G,24,109.75,4.995,8.649,2.529,5.15,PASS,0
IC0285,LOT2026G,96,109.75,5.006,9.207,2.57,5.186,PASS,0
IC0285,LOT2026G,168,109.75,4.963,9.57,2.687,5.254,PASS,0
IC0286,LOT2026G,0,109.43,4.973,8.92,2.341,5.127,PASS,0
IC0286,LOT2026G,24,109.43,5.027,9.211,2.442,5.093,PASS,0
IC0286,LOT2026G,96,109.43,5.0,9.623,2.474,5.184,PASS,0
IC0286,LOT2026G,168,109.43,4.992,10.715,2.696,5.266,PASS,0
IC0287,LOT2026G,0,110.05,5.019,9.468,2.172,5.171,PASS,0
IC0287,LOT2026G,24,110.05,4.988,9.587,2.26,5.231,PASS,0
IC0287,LOT2026G,96,110.05,4.992,9.915,2.317,5.252,PASS,0
IC0287,LOT2026G,168,110.05,4.963,10.716,2.458,5.327,PASS,0
IC0288,LOT2026G,0,108.88,5.016,8.21,2.25,5.171,PASS,1
IC0288,LOT2026G,24,108.88,5.013,8.312,2.345,5.159,PASS,1
IC0288,LOT2026G,96,108.88,5.002,10.243,2.644,5.372,PASS,1
IC0288,LOT2026G,168,108.88,4.982,15.279,3.709,5.894,PASS,1
IC0289,LOT2026G,0,109.15,4.974,10.011,2.41,5.035,PASS,0
IC0289,LOT2026G,24,109.15,5.032,10.183,2.401,5.08,PASS,0
IC0289,LOT2026G,96,109.15,4.994,11.106,2.633,5.136,PASS,0
IC0289,LOT2026G,168,109.15,4.98,11.5,2.731,5.258,PASS,0
IC0290,LOT2026G,0,111.62,5.017,8.928,2.169,5.149,PASS,1
IC0290,LOT2026G,24,111.62,5.004,8.901,2.255,5.164,PASS,1
IC0290,LOT2026G,96,111.62,5.011,10.844,2.647,5.353,PASS,1
IC0290,LOT2026G,168,111.62,4.981,14.423,3.306,5.739,PASS,1
IC0291,LOT2026G,0,109.13,4.995,9.471,2.438,5.102,PASS,0
IC0291,LOT2026G,24,109.13,4.978,9.601,2.395,5.177,PASS,0
IC0291,LOT2026G,96,109.13,4.996,10.055,2.513,5.159,PASS,0
IC0291,LOT2026G,168,109.13,5.012,10.303,2.663,5.203,PASS,0
IC0292,LOT2026G,0,109.5,5.029,8.828,2.202,4.976,PASS,0
IC0292,LOT2026G,24,109.5,4.972,9.275,2.284,5.009,PASS,0
IC0292,LOT2026G,96,109.5,5.002,9.974,2.343,5.085,PASS,0
IC0292,LOT2026G,168,109.5,5.014,10.609,2.488,5.127,PASS,0
IC0293,LOT2026G,0,109.06,4.979,7.685,2.328,5.064,PASS,0
IC0293,LOT2026G,24,109.06,4.991,7.812,2.36,5.076,PASS,0
IC0293,LOT2026G,96,109.06,5.024,8.61,2.512,5.132,PASS,0
IC0293,LOT2026G,168,109.06,4.995,8.511,2.646,5.178,PASS,0
IC0294,LOT2026G,0,110.02,5.013,7.83,2.197,5.068,PASS,0
IC0294,LOT2026G,24,110.02,4.985,8.206,2.218,5.062,PASS,0
IC0294,LOT2026G,96,110.02,4.978,8.216,2.336,5.129,PASS,0
IC0294,LOT2026G,168,110.02,4.999,8.416,2.414,5.125,PASS,0
IC0295,LOT2026G,0,109.75,4.992,8.628,2.345,5.124,PASS,0
IC0295,LOT2026G,24,109.75,5.017,8.877,2.428,5.128,PASS,0
IC0295,LOT2026G,96,109.75,4.988,9.936,2.521,5.185,PASS,0
IC0295,LOT2026G,168,109.75,4.99,10.144,2.711,5.282,PASS,0
IC0296,LOT2026G,0,109.42,5.022,9.126,2.406,5.072,PASS,0
IC0296,LOT2026G,24,109.42,4.972,8.894,2.484,5.086,PASS,0
IC0296,LOT2026G,96,109.42,4.997,9.103,2.583,5.118,PASS,0
IC0296,LOT2026G,168,109.42,5.002,9.765,2.647,5.155,PASS,0
IC0297,LOT2026G,0,110.88,4.961,10.297,2.254,5.187,PASS,0
IC0297,LOT2026G,24,110.88,4.985,10.779,2.261,5.25,PASS,0
IC0297,LOT2026G,96,110.88,5.012,11.488,2.417,5.304,PASS,0
IC0297,LOT2026G,168,110.88,5.004,12.321,2.573,5.377,PASS,0
IC0298,LOT2026G,0,109.79,4.992,8.522,2.309,5.12,PASS,0
IC0298,LOT2026G,24,109.79,4.996,8.403,2.352,5.144,PASS,0
IC0298,LOT2026G,96,109.79,5.029,8.634,2.5,5.157,PASS,0
IC0298,LOT2026G,168,109.79,5.032,9.326,2.564,5.216,PASS,0
IC0299,LOT2026G,0,110.11,4.979,9.422,2.265,5.182,PASS,0
IC0299,LOT2026G,24,110.11,5.003,9.634,2.238,5.191,PASS,0
IC0299,LOT2026G,96,110.11,5.003,10.109,2.35,5.224,PASS,0
IC0299,LOT2026G,168,110.11,4.99,10.994,2.399,5.266,PASS,0
IC0300,LOT2026G,0,113.06,4.963,8.568,2.286,5.138,PASS,0
IC0300,LOT2026G,24,113.06,5.008,8.471,2.337,5.122,PASS,0
IC0300,LOT2026G,96,113.06,5.023,9.206,2.435,5.204,PASS,0
IC0300,LOT2026G,168,113.06,5.03,10.103,2.678,5.287,PASS,0
IC0301,LOT2026G,0,107.8,5.006,9.692,2.218,5.054,PASS,0
IC0301,LOT2026G,24,107.8,4.997,9.906,2.278,5.031,PASS,0
IC0301,LOT2026G,96,107.8,5.003,10.517,2.409,5.109,PASS,0
IC0301,LOT2026G,168,107.8,4.942,10.877,2.474,5.193,PASS,0
IC0302,LOT2026G,0,108.53,5.025,9.815,2.365,5.134,PASS,0
IC0302,LOT2026G,24,108.53,5.026,10.239,2.382,5.143,PASS,0
IC0302,LOT2026G,96,108.53,4.978,10.473,2.448,5.207,PASS,0
IC0302,LOT2026G,168,108.53,4.972,11.053,2.596,5.252,PASS,0
IC0303,LOT2026G,0,110.3,4.976,10.433,2.156,5.142,PASS,0
IC0303,LOT2026G,24,110.3,5.009,10.661,2.235,5.14,PASS,0
IC0303,LOT2026G,96,110.3,5.002,11.477,2.426,5.196,PASS,0
IC0303,LOT2026G,168,110.3,5.0,11.805,2.397,5.224,PASS,0
IC0304,LOT2026G,0,112.67,4.984,9.988,2.263,4.964,PASS,0
IC0304,LOT2026G,24,112.67,5.015,10.244,2.262,5.02,PASS,0
IC0304,LOT2026G,96,112.67,5.015,10.924,2.37,5.073,PASS,0
IC0304,LOT2026G,168,112.67,5.027,11.776,2.529,5.156,PASS,0
IC0305,LOT2026G,0,107.72,5.013,9.735,2.36,5.196,PASS,0
IC0305,LOT2026G,24,107.72,5.011,10.212,2.436,5.23,PASS,0
IC0305,LOT2026G,96,107.72,4.998,10.805,2.57,5.232,PASS,0
IC0305,LOT2026G,168,107.72,5.008,11.199,2.649,5.317,PASS,0
IC0306,LOT2026G,0,109.73,5.032,8.697,2.351,5.126,PASS,0
IC0306,LOT2026G,24,109.73,4.999,9.01,2.468,5.181,PASS,0
IC0306,LOT2026G,96,109.73,4.986,9.363,2.531,5.216,PASS,0
IC0306,LOT2026G,168,109.73,4.986,10.278,2.712,5.281,PASS,0
IC0307,LOT2026G,0,109.76,4.979,9.065,2.408,5.17,PASS,0
IC0307,LOT2026G,24,109.76,5.011,9.267,2.495,5.184,PASS,0
IC0307,LOT2026G,96,109.76,4.974,9.795,2.542,5.193,PASS,0
IC0307,LOT2026G,168,109.76,5.01,10.044,2.658,5.197,PASS,0
IC0308,LOT2026G,0,108.77,4.98,9.991,2.226,5.04,PASS,0
IC0308,LOT2026G,24,108.77,5.017,10.195,2.221,5.019,PASS,0
IC0308,LOT2026G,96,108.77,5.036,10.748,2.377,5.096,PASS,0
IC0308,LOT2026G,168,108.77,4.987,11.678,2.555,5.159,PASS,0
IC0309,LOT2026G,0,110.16,5.004,9.384,2.253,5.142,PASS,0
IC0309,LOT2026G,24,110.16,5.003,9.472,2.291,5.18,PASS,0
IC0309,LOT2026G,96,110.16,5.004,10.395,2.383,5.248,PASS,0
IC0309,LOT2026G,168,110.16,4.996,11.106,2.545,5.323,PASS,0
IC0310,LOT2026G,0,110.23,5.005,9.53,2.189,5.132,PASS,0
IC0310,LOT2026G,24,110.23,5.01,9.578,2.215,5.165,PASS,0
IC0310,LOT2026G,96,110.23,4.994,10.822,2.361,5.238,PASS,0
IC0310,LOT2026G,168,110.23,5.008,11.066,2.49,5.29,PASS,0
IC0311,LOT2026G,0,109.68,5.031,8.886,2.259,5.171,PASS,0
IC0311,LOT2026G,24,109.68,4.999,9.171,2.294,5.174,PASS,0
IC0311,LOT2026G,96,109.68,4.988,9.749,2.397,5.284,PASS,0
IC0311,LOT2026G,168,109.68,4.972,10.621,2.515,5.349,PASS,0
IC0312,LOT2026G,0,110.94,4.951,8.765,2.268,5.018,PASS,1
IC0312,LOT2026G,24,110.94,4.963,9.178,2.323,5.03,PASS,1
IC0312,LOT2026G,96,110.94,5.005,10.858,2.687,5.215,PASS,1
IC0312,LOT2026G,168,110.94,5.045,14.737,3.368,5.633,PASS,1
IC0313,LOT2026G,0,112.45,4.988,10.165,2.258,5.188,PASS,0
IC0313,LOT2026G,24,112.45,4.983,10.21,2.221,5.224,PASS,0
IC0313,LOT2026G,96,112.45,4.975,10.612,2.35,5.283,PASS,0
IC0313,LOT2026G,168,112.45,5.042,10.725,2.385,5.35,PASS,0
IC0314,LOT2026G,0,110.14,4.98,8.605,2.212,5.19,PASS,0
IC0314,LOT2026G,24,110.14,4.997,8.81,2.27,5.232,PASS,0
IC0314,LOT2026G,96,110.14,5.038,9.258,2.382,5.274,PASS,0
IC0314,LOT2026G,168,110.14,4.996,10.113,2.561,5.322,PASS,0
IC0315,LOT2026G,0,110.5,4.992,9.24,2.375,5.158,PASS,0
IC0315,LOT2026G,24,110.5,4.99,9.474,2.401,5.176,PASS,0
IC0315,LOT2026G,96,110.5,5.015,9.834,2.555,5.213,PASS,0
IC0315,LOT2026G,168,110.5,5.016,10.087,2.657,5.252,PASS,0
IC0316,LOT2026H,0,111.06,4.994,11.106,1.96,4.934,PASS,0
IC0316,LOT2026H,24,111.06,5.008,11.523,2.005,4.919,PASS,0
IC0316,LOT2026H,96,111.06,5.014,12.097,2.073,4.988,PASS,0
IC0316,LOT2026H,168,111.06,5.011,12.652,2.177,5.049,PASS,0
IC0317,LOT2026H,0,110.61,4.995,10.696,1.838,4.984,PASS,0
IC0317,LOT2026H,24,110.61,5.026,10.574,1.932,4.999,PASS,0
IC0317,LOT2026H,96,110.61,5.006,11.009,1.951,5.005,PASS,0
IC0317,LOT2026H,168,110.61,4.995,11.742,2.082,5.086,PASS,0
IC0318,LOT2026H,0,111.48,4.994,11.656,1.956,4.926,PASS,0
IC0318,LOT2026H,24,111.48,4.993,12.096,2.009,4.918,PASS,0
IC0318,LOT2026H,96,111.48,4.96,12.675,2.136,4.953,PASS,0
IC0318,LOT2026H,168,111.48,4.982,13.378,2.2,5.025,PASS,0
IC0319,LOT2026H,0,109.99,5.006,10.503,2.019,4.851,PASS,0
IC0319,LOT2026H,24,109.99,5.041,10.645,2.014,4.86,PASS,0
IC0319,LOT2026H,96,109.99,4.995,11.325,2.157,4.891,PASS,0
IC0319,LOT2026H,168,109.99,5.044,12.124,2.201,4.95,PASS,0
IC0320,LOT2026H,0,110.14,4.997,11.67,1.864,4.905,PASS,0
IC0320,LOT2026H,24,110.14,5.004,12.184,1.929,4.891,PASS,0
IC0320,LOT2026H,96,110.14,4.981,12.594,1.984,4.952,PASS,0
IC0320,LOT2026H,168,110.14,4.98,13.27,2.083,4.964,PASS,0
IC0321,LOT2026H,0,107.21,4.998,10.932,1.625,4.836,PASS,0
IC0321,LOT2026H,24,107.21,4.955,11.321,1.681,4.903,PASS,0
IC0321,LOT2026H,96,107.21,4.997,11.749,1.777,4.935,PASS,0
IC0321,LOT2026H,168,107.21,4.994,12.569,1.875,4.997,PASS,0
IC0322,LOT2026H,0,110.6,5.044,11.039,1.79,4.844,PASS,0
IC0322,LOT2026H,24,110.6,4.993,11.323,1.804,4.876,PASS,0
IC0322,LOT2026H,96,110.6,5.021,11.77,1.931,4.945,PASS,0
IC0322,LOT2026H,168,110.6,5.015,13.322,2.089,5.005,PASS,0
IC0323,LOT2026H,0,109.14,5.004,10.114,1.803,4.977,PASS,0
IC0323,LOT2026H,24,109.14,5.035,10.229,1.836,5.012,PASS,0
IC0323,LOT2026H,96,109.14,4.997,10.549,1.962,5.043,PASS,0
IC0323,LOT2026H,168,109.14,5.029,11.508,2.049,5.115,PASS,0
IC0324,LOT2026H,0,110.05,5.004,10.071,1.719,4.882,PASS,0
IC0324,LOT2026H,24,110.05,5.01,10.3,1.684,4.892,PASS,0
IC0324,LOT2026H,96,110.05,5.03,10.978,1.887,4.965,PASS,0
IC0324,LOT2026H,168,110.05,4.993,11.828,1.98,4.983,PASS,0
IC0325,LOT2026H,0,107.97,4.993,10.926,1.835,4.914,PASS,0
IC0325,LOT2026H,24,107.97,4.991,10.899,1.882,4.933,PASS,0
IC0325,LOT2026H,96,107.97,5.024,11.848,2.023,4.988,PASS,0
IC0325,LOT2026H,168,107.97,5.024,12.236,2.041,5.049,PASS,0
IC0326,LOT2026H,0,109.1,4.985,10.278,1.851,4.906,PASS,0
IC0326,LOT2026H,24,109.1,5.001,10.492,1.893,4.952,PASS,0
IC0326,LOT2026H,96,109.1,5.019,11.354,1.916,4.952,PASS,0
IC0326,LOT2026H,168,109.1,4.976,11.838,1.976,5.02,PASS,0
IC0327,LOT2026H,0,111.0,5.009,10.924,1.861,4.865,PASS,0
IC0327,LOT2026H,24,111.0,4.957,10.699,1.869,4.856,PASS,0
IC0327,LOT2026H,96,111.0,4.964,11.887,2.034,4.902,PASS,0
IC0327,LOT2026H,168,111.0,4.99,13.002,2.132,5.033,PASS,0
IC0328,LOT2026H,0,110.08,5.009,11.349,1.859,4.816,PASS,0
IC0328,LOT2026H,24,110.08,5.019,11.657,1.85,4.822,PASS,0
IC0328,LOT2026H,96,110.08,5.012,12.423,1.913,4.865,PASS,0
IC0328,LOT2026H,168,110.08,5.009,13.587,2.077,4.965,PASS,0
IC0329,LOT2026H,0,110.24,5.02,8.971,1.758,4.923,PASS,0
IC0329,LOT2026H,24,110.24,5.023,9.335,1.893,4.945,PASS,0
IC0329,LOT2026H,96,110.24,4.996,9.988,1.99,5.007,PASS,0
IC0329,LOT2026H,168,110.24,4.995,10.923,2.128,5.045,PASS,0
IC0330,LOT2026H,0,110.53,4.997,10.968,1.801,4.994,PASS,0
IC0330,LOT2026H,24,110.53,4.998,11.348,1.835,5.028,PASS,0
IC0330,LOT2026H,96,110.53,4.964,12.063,1.961,5.13,PASS,0
IC0330,LOT2026H,168,110.53,5.029,12.926,2.073,5.17,PASS,0
IC0331,LOT2026H,0,108.26,5.026,9.485,1.829,4.84,PASS,0
IC0331,LOT2026H,24,108.26,5.029,9.964,1.831,4.863,PASS,0
IC0331,LOT2026H,96,108.26,5.039,10.818,1.983,4.913,PASS,0
IC0331,LOT2026H,168,108.26,4.976,11.254,2.145,4.974,PASS,0
IC0332,LOT2026H,0,112.29,5.029,11.143,1.8,4.765,PASS,0
IC0332,LOT2026H,24,112.29,4.979,11.085,1.879,4.801,PASS,0
IC0332,LOT2026H,96,112.29,4.99,12.068,1.963,4.857,PASS,0
IC0332,LOT2026H,168,112.29,5.036,12.995,2.137,4.95,PASS,0
IC0333,LOT2026H,0,109.76,5.018,10.431,2.031,4.838,PASS,0
IC0333,LOT2026H,24,109.76,4.969,10.599,2.036,4.88,PASS,0
IC0333,LOT2026H,96,109.76,5.02,11.288,2.197,4.89,PASS,0
IC0333,LOT2026H,168,109.76,4.969,11.792,2.193,4.956,PASS,0
IC0334,LOT2026H,0,108.08,5.018,10.828,1.967,4.862,PASS,0
IC0334,LOT2026H,24,108.08,4.99,11.075,2.008,4.87,PASS,0
IC0334,LOT2026H,96,108.08,4.98,11.818,2.106,4.894,PASS,0
IC0334,LOT2026H,168,108.08,5.027,12.835,2.205,4.943,PASS,0
IC0335,LOT2026H,0,112.02,4.992,10.223,1.521,4.847,PASS,0
IC0335,LOT2026H,24,112.02,5.017,10.522,1.667,4.86,PASS,0
IC0335,LOT2026H,96,112.02,4.996,11.006,1.692,4.988,PASS,0
IC0335,LOT2026H,168,112.02,4.969,12.135,1.875,5.044,PASS,0
IC0336,LOT2026H,0,112.83,4.978,11.103,1.812,4.817,PASS,0
IC0336,LOT2026H,24,112.83,4.988,11.665,1.867,4.828,PASS,0
IC0336,LOT2026H,96,112.83,5.007,12.466,1.892,4.931,PASS,0
IC0336,LOT2026H,168,112.83,4.978,13.13,1.991,4.968,PASS,0
IC0337,LOT2026H,0,111.11,5.002,8.771,1.834,4.974,PASS,0
IC0337,LOT2026H,24,111.11,5.055,9.265,1.794,5.019,PASS,0
IC0337,LOT2026H,96,111.11,5.031,9.879,1.868,5.033,PASS,0
IC0337,LOT2026H,168,111.11,4.996,10.551,2.06,5.158,PASS,0
IC0338,LOT2026H,0,109.39,5.011,10.863,1.83,4.802,PASS,1
IC0338,LOT2026H,24,109.39,5.048,10.887,1.814,4.825,PASS,1
IC0338,LOT2026H,96,109.39,4.971,13.175,2.104,5.034,PASS,1
IC0338,LOT2026H,168,109.39,5.025,17.934,2.727,5.418,PASS,1
IC0339,LOT2026H,0,108.27,4.981,10.285,1.819,4.843,PASS,0
IC0339,LOT2026H,24,108.27,4.985,10.611,1.865,4.901,PASS,0
IC0339,LOT2026H,96,108.27,5.009,11.191,1.982,4.933,PASS,0
IC0339,LOT2026H,168,108.27,5.03,11.673,2.08,4.982,PASS,0
IC0340,LOT2026H,0,107.5,4.99,10.064,1.892,4.639,PASS,0
IC0340,LOT2026H,24,107.5,5.037,10.126,1.932,4.652,PASS,0
IC0340,LOT2026H,96,107.5,4.966,10.71,1.986,4.681,PASS,0
IC0340,LOT2026H,168,107.5,4.964,10.898,2.07,4.748,PASS,0
IC0341,LOT2026H,0,109.18,4.983,9.982,1.805,4.956,PASS,0
IC0341,LOT2026H,24,109.18,4.998,10.187,1.813,4.974,PASS,0
IC0341,LOT2026H,96,109.18,5.019,10.876,1.962,5.022,PASS,0
IC0341,LOT2026H,168,109.18,4.984,11.128,1.932,5.078,PASS,0
IC0342,LOT2026H,0,110.6,5.002,9.486,1.795,4.918,PASS,0
IC0342,LOT2026H,24,110.6,4.996,9.647,1.829,4.899,PASS,0
IC0342,LOT2026H,96,110.6,5.01,10.385,1.881,4.945,PASS,0
IC0342,LOT2026H,168,110.6,5.012,10.831,2.027,5.069,PASS,0
IC0343,LOT2026H,0,109.37,5.002,10.155,1.861,4.883,PASS,0
IC0343,LOT2026H,24,109.37,5.022,10.346,1.94,4.896,PASS,0
IC0343,LOT2026H,96,109.37,4.982,11.129,2.056,4.983,PASS,0
IC0343,LOT2026H,168,109.37,4.997,12.02,2.129,5.01,PASS,0
IC0344,LOT2026H,0,110.31,5.021,10.526,2.029,4.871,PASS,0
IC0344,LOT2026H,24,110.31,4.988,10.516,2.095,4.914,PASS,0
IC0344,LOT2026H,96,110.31,4.974,11.44,2.21,4.92,PASS,0
IC0344,LOT2026H,168,110.31,5.033,11.841,2.345,4.999,PASS,0
IC0345,LOT2026H,0,113.25,4.935,9.998,1.84,4.807,PASS,0
IC0345,LOT2026H,24,113.25,5.024,10.235,1.878,4.819,PASS,0
IC0345,LOT2026H,96,113.25,5.003,11.302,1.962,4.89,PASS,0
IC0345,LOT2026H,168,113.25,4.982,11.829,2.137,4.946,PASS,0
IC0346,LOT2026H,0,109.65,5.009,10.259,1.786,4.754,PASS,0
IC0346,LOT2026H,24,109.65,5.003,10.612,1.78,4.816,PASS,0
IC0346,LOT2026H,96,109.65,5.0,11.302,1.796,4.895,PASS,0
IC0346,LOT2026H,168,109.65,5.065,11.908,1.945,4.967,PASS,0
IC0347,LOT2026H,0,111.83,5.011,10.47,1.86,4.902,PASS,1
IC0347,LOT2026H,24,111.83,4.969,11.04,1.935,5.004,PASS,1
IC0347,LOT2026H,96,111.83,4.999,13.969,2.396,5.223,PASS,1
IC0347,LOT2026H,168,111.83,5.022,18.65,3.141,5.625,PASS,1
IC0348,LOT2026H,0,109.73,4.999,9.861,1.722,4.854,PASS,1
IC0348,LOT2026H,24,109.73,5.004,10.457,1.704,4.855,PASS,1
IC0348,LOT2026H,96,109.73,5.0,11.874,1.901,5.027,PASS,1
IC0348,LOT2026H,168,109.73,4.981,14.734,2.316,5.255,PASS,1
IC0349,LOT2026H,0,110.58,4.98,10.443,1.782,4.849,PASS,0
IC0349,LOT2026H,24,110.58,4.989,10.908,1.807,4.867,PASS,0
IC0349,LOT2026H,96,110.58,4.972,10.953,1.895,4.883,PASS,0
IC0349,LOT2026H,168,110.58,5.007,12.104,1.98,4.972,PASS,0
IC0350,LOT2026H,0,107.21,4.992,10.52,1.798,4.782,PASS,0
IC0350,LOT2026H,24,107.21,4.987,10.855,1.827,4.812,PASS,0
IC0350,LOT2026H,96,107.21,4.994,11.587,1.874,4.863,PASS,0
IC0350,LOT2026H,168,107.21,5.003,12.423,1.984,4.901,PASS,0
IC0351,LOT2026H,0,108.46,4.959,10.332,1.9,4.749,PASS,0
IC0351,LOT2026H,24,108.46,5.026,10.629,1.862,4.756,PASS,0
IC0351,LOT2026H,96,108.46,5.018,10.99,1.888,4.815,PASS,0
IC0351,LOT2026H,168,108.46,5.005,11.354,1.949,4.887,PASS,0
IC0352,LOT2026H,0,111.3,4.994,10.918,1.886,4.871,PASS,0
IC0352,LOT2026H,24,111.3,5.003,11.041,1.941,4.876,PASS,0
IC0352,LOT2026H,96,111.3,4.983,11.729,1.971,4.941,PASS,0
IC0352,LOT2026H,168,111.3,4.964,12.386,2.088,4.96,PASS,0
IC0353,LOT2026H,0,109.66,4.996,9.504,2.055,4.719,PASS,0
IC0353,LOT2026H,24,109.66,4.993,10.086,2.048,4.744,PASS,0
IC0353,LOT2026H,96,109.66,4.985,10.89,2.127,4.87,PASS,0
IC0353,LOT2026H,168,109.66,4.981,11.454,2.261,4.886,PASS,0
IC0354,LOT2026H,0,109.38,4.977,10.165,1.918,4.774,PASS,0
IC0354,LOT2026H,24,109.38,4.989,10.532,1.964,4.802,PASS,0
IC0354,LOT2026H,96,109.38,5.042,11.031,2.085,4.884,PASS,0
IC0354,LOT2026H,168,109.38,5.012,12.236,2.225,4.957,PASS,0
IC0355,LOT2026H,0,109.48,4.985,11.901,1.872,4.851,PASS,1
IC0355,LOT2026H,24,109.48,5.023,11.804,1.856,4.889,PASS,1
IC0355,LOT2026H,96,109.48,5.051,13.172,2.041,4.991,PASS,1
IC0355,LOT2026H,168,109.48,5.003,16.677,2.51,5.261,PASS,1
IC0356,LOT2026H,0,109.37,4.966,11.028,1.7,4.79,PASS,0
IC0356,LOT2026H,24,109.37,4.979,11.164,1.831,4.823,PASS,0
IC0356,LOT2026H,96,109.37,5.0,11.641,1.802,4.879,PASS,0
IC0356,LOT2026H,168,109.37,5.022,12.498,1.938,4.905,PASS,0
IC0357,LOT2026H,0,110.47,4.988,10.09,2.014,4.833,PASS,0
IC0357,LOT2026H,24,110.47,5.019,10.272,2.049,4.847,PASS,0
IC0357,LOT2026H,96,110.47,5.005,10.658,2.12,4.87,PASS,0
IC0357,LOT2026H,168,110.47,5.032,11.083,2.13,4.937,PASS,0
IC0358,LOT2026H,0,109.82,5.021,10.981,2.064,4.915,PASS,0
IC0358,LOT2026H,24,109.82,5.023,11.119,2.089,4.919,PASS,0
IC0358,LOT2026H,96,109.82,4.986,11.989,2.217,4.986,PASS,0
IC0358,LOT2026H,168,109.82,4.996,12.616,2.238,5.024,PASS,0
IC0359,LOT2026H,0,111.91,4.995,10.676,1.751,4.805,PASS,0
IC0359,LOT2026H,24,111.91,5.031,11.065,1.768,4.873,PASS,0
IC0359,LOT2026H,96,111.91,5.015,11.762,1.797,4.891,PASS,0
IC0359,LOT2026H,168,111.91,4.999,12.215,1.901,4.979,PASS,0
IC0360,LOT2026H,0,110.08,4.991,10.971,1.824,4.796,PASS,0
IC0360,LOT2026H,24,110.08,5.002,11.136,1.814,4.833,PASS,0
IC0360,LOT2026H,96,110.08,5.031,11.824,1.906,4.883,PASS,0
IC0360,LOT2026H,168,110.08,5.031,11.935,1.943,4.911,PASS,0
