timestamp_utc,dut_id,lot_id,risk_band,risk_score,risk_confidence_pct,explanation,model_version
2026-09-10T09:30:48.464292+00:00,IC0017,LOT2026A,HIGH,68.5,34.3,significant deviation from lot population (contribution 0.82); high physics-normalised drift rate (contribution 0.79); abnormal multi-parameter pattern (ensemble anomaly score) (contribution 0.70).,BurnInGuard-2.0-Trial2-XGB-RF-PCA-SPC
2026-09-10T09:30:48.464292+00:00,IC0033,LOT2026A,HIGH,74.0,33.5,high physics-normalised drift rate (contribution 1.00); significant deviation from lot population (contribution 0.89); abnormal multi-parameter pattern (ensemble anomaly score) (contribution 0.70).,BurnInGuard-2.0-Trial2-XGB-RF-PCA-SPC
2026-09-10T09:30:48.464292+00:00,IC0042,LOT2026A,HIGH,77.7,32.5,high physics-normalised drift rate (contribution 0.99); significant deviation from lot population (contribution 0.97); abnormal multi-parameter pattern (ensemble anomaly score) (contribution 0.70).,BurnInGuard-2.0-Trial2-XGB-RF-PCA-SPC
2026-09-10T09:30:48.464292+00:00,IC0049,LOT2026B,HIGH,68.0,22.8,predicted value approaching the safety limit (contribution 0.76); abnormal multi-parameter pattern (ensemble anomaly score) (contribution 0.70); high physics-normalised drift rate (contribution 0.69).,BurnInGuard-2.0-Trial2-XGB-RF-PCA-SPC
2026-09-10T09:30:48.464292+00:00,IC0060,LOT2026B,CRITICAL,87.3,0.0,predicted value approaching the safety limit (contribution 1.00); significant deviation from lot population (contribution 0.99); high physics-normalised drift rate (contribution 0.98).,BurnInGuard-2.0-Trial2-XGB-RF-PCA-SPC
2026-09-10T09:30:48.464292+00:00,IC0075,LOT2026B,CRITICAL,87.2,0.0,predicted value approaching the safety limit (contribution 1.00); significant deviation from lot population (contribution 1.00); high physics-normalised drift rate (contribution 0.96).,BurnInGuard-2.0-Trial2-XGB-RF-PCA-SPC
2026-09-10T09:30:48.464292+00:00,IC0095,LOT2026C,HIGH,61.0,37.2,significant deviation from lot population (contribution 0.74); abnormal multi-parameter pattern (ensemble anomaly score) (contribution 0.70); high physics-normalised drift rate (contribution 0.69).,BurnInGuard-2.0-Trial2-XGB-RF-PCA-SPC
2026-09-10T09:30:48.464292+00:00,IC0102,LOT2026C,HIGH,68.2,31.6,significant deviation from lot population (contribution 0.90); high physics-normalised drift rate (contribution 0.81); abnormal multi-parameter pattern (ensemble anomaly score) (contribution 0.70).,BurnInGuard-2.0-Trial2-XGB-RF-PCA-SPC
2026-09-10T09:30:48.464292+00:00,IC0124,LOT2026C,HIGH,72.6,31.8,significant deviation from lot population (contribution 0.97); high physics-normalised drift rate (contribution 0.91); abnormal multi-parameter pattern (ensemble anomaly score) (contribution 0.70).,BurnInGuard-2.0-Trial2-XGB-RF-PCA-SPC
2026-09-10T09:30:48.464292+00:00,IC0146,LOT2026D,HIGH,73.8,30.6,high physics-normalised drift rate (contribution 1.00); significant deviation from lot population (contribution 0.95); abnormal multi-parameter pattern (ensemble anomaly score) (contribution 0.70).,BurnInGuard-2.0-Trial2-XGB-RF-PCA-SPC
2026-09-10T09:30:48.464292+00:00,IC0172,LOT2026D,HIGH,71.2,35.9,significant deviation from lot population (contribution 0.87); high physics-normalised drift rate (contribution 0.86); abnormal multi-parameter pattern (ensemble anomaly score) (contribution 0.70).,BurnInGuard-2.0-Trial2-XGB-RF-PCA-SPC
2026-09-10T09:30:48.464292+00:00,IC0177,LOT2026D,HIGH,74.6,34.3,significant deviation from lot population (contribution 1.00); high physics-normalised drift rate (contribution 0.95); abnormal multi-parameter pattern (ensemble anomaly score) (contribution 0.70).,BurnInGuard-2.0-Trial2-XGB-RF-PCA-SPC
2026-09-10T09:30:48.464292+00:00,IC0190,LOT2026E,HIGH,68.8,10.9,predicted value approaching the safety limit (contribution 0.95); abnormal multi-parameter pattern (ensemble anomaly score) (contribution 0.70); significant deviation from lot population (contribution 0.60).,BurnInGuard-2.0-Trial2-XGB-RF-PCA-SPC
2026-09-10T09:30:48.464292+00:00,IC0201,LOT2026E,CRITICAL,82.1,0.0,significant deviation from lot population (contribution 1.00); predicted value approaching the safety limit (contribution 1.00); high physics-normalised drift rate (contribution 0.71).,BurnInGuard-2.0-Trial2-XGB-RF-PCA-SPC
2026-09-10T09:30:48.464292+00:00,IC0211,LOT2026E,CRITICAL,80.8,0.0,predicted value approaching the safety limit (contribution 0.96); significant deviation from lot population (contribution 0.90); high physics-normalised drift rate (contribution 0.78).,BurnInGuard-2.0-Trial2-XGB-RF-PCA-SPC
2026-09-10T09:30:48.464292+00:00,IC0222,LOT2026E,HIGH,74.9,1.9,predicted value approaching the safety limit (contribution 1.00); significant deviation from lot population (contribution 0.78); abnormal multi-parameter pattern (ensemble anomaly score) (contribution 0.70).,BurnInGuard-2.0-Trial2-XGB-RF-PCA-SPC
2026-09-10T09:30:48.464292+00:00,IC0252,LOT2026F,HIGH,61.3,39.6,high physics-normalised drift rate (contribution 0.84); abnormal multi-parameter pattern (ensemble anomaly score) (contribution 0.70); significant deviation from lot population (contribution 0.56).,BurnInGuard-2.0-Trial2-XGB-RF-PCA-SPC
2026-09-10T09:30:48.464292+00:00,IC0256,LOT2026F,HIGH,72.0,34.1,high physics-normalised drift rate (contribution 1.00); significant deviation from lot population (contribution 0.86); abnormal multi-parameter pattern (ensemble anomaly score) (contribution 0.70).,BurnInGuard-2.0-Trial2-XGB-RF-PCA-SPC
2026-09-10T09:30:48.464292+00:00,IC0259,LOT2026F,HIGH,72.2,32.7,high physics-normalised drift rate (contribution 1.00); significant deviation from lot population (contribution 0.88); abnormal multi-parameter pattern (ensemble anomaly score) (contribution 0.70).,BurnInGuard-2.0-Trial2-XGB-RF-PCA-SPC
2026-09-10T09:30:48.464292+00:00,IC0265,LOT2026F,HIGH,61.0,37.6,abnormal multi-parameter pattern (ensemble anomaly score) (contribution 0.70); significant deviation from lot population (contribution 0.70); high physics-normalised drift rate (contribution 0.68).,BurnInGuard-2.0-Trial2-XGB-RF-PCA-SPC
2026-09-10T09:30:48.464292+00:00,IC0288,LOT2026G,HIGH,75.0,31.1,significant deviation from lot population (contribution 1.00); high physics-normalised drift rate (contribution 0.88); abnormal multi-parameter pattern (ensemble anomaly score) (contribution 0.70).,BurnInGuard-2.0-Trial2-XGB-RF-PCA-SPC
2026-09-10T09:30:48.464292+00:00,IC0290,LOT2026G,HIGH,61.8,36.4,significant deviation from lot population (contribution 0.72); abnormal multi-parameter pattern (ensemble anomaly score) (contribution 0.70); high physics-normalised drift rate (contribution 0.57).,BurnInGuard-2.0-Trial2-XGB-RF-PCA-SPC
2026-09-10T09:30:48.464292+00:00,IC0312,LOT2026G,HIGH,61.4,37.0,abnormal multi-parameter pattern (ensemble anomaly score) (contribution 0.70); significant deviation from lot population (contribution 0.70); high physics-normalised drift rate (contribution 0.63).,BurnInGuard-2.0-Trial2-XGB-RF-PCA-SPC
2026-09-10T09:30:48.464292+00:00,IC0338,LOT2026H,HIGH,67.3,37.9,high physics-normalised drift rate (contribution 0.86); significant deviation from lot population (contribution 0.81); abnormal multi-parameter pattern (ensemble anomaly score) (contribution 0.70).,BurnInGuard-2.0-Trial2-XGB-RF-PCA-SPC
2026-09-10T09:30:48.464292+00:00,IC0347,LOT2026H,HIGH,72.6,33.8,significant deviation from lot population (contribution 1.00); high physics-normalised drift rate (contribution 0.86); abnormal multi-parameter pattern (ensemble anomaly score) (contribution 0.70).,BurnInGuard-2.0-Trial2-XGB-RF-PCA-SPC
